"time","SineAndStep.out2","SineAndStep.out1","Ramp.out","MultiplyAndAdd.out2","MultiplyAndAdd.out1","Gain.out"
0,0,0,0,0,0,0
0,0,0,0,0,0,0
0,0,0,0,0,0,0
0,0,0,0,0,0,0
0,0,0,0,0,0,0
0,0,0,0,0,0,0
0,0,0,0,0,0,0
0,0,0,0,0,0,0
0,0,0,0,0,0,0
0.005,0,0.24869,1,0,0,0
0.005,0,0.24869,1,0,0,0
0.005,0,0.24869,1,0,0,0
0.005,0,0.24869,1,0,0,0
0.005,0,0.24869,1,0,0,0
0.005,0,0.24869,1,0,0,0
0.006,0,0.295303,1,0,0,0
0.007,0,0.341915,1,0,0,0
0.008,0,0.388528,1,0,0,0
0.009,0,0.435141,1,0,0,0
0.01,0,0.481754,1,0,0,0
0.011,0,0.522312,1,0,0,0
0.012,0,0.562871,1,0,0,0
0.013,0,0.60343,1,0,0,0
0.014,0,0.643988,1,0,0,0
0.015,0,0.684547,1,7.76535e-16,7.76535e-16,0
0.016,0,0.716503,1,0.049738,0.049738,0
0.017,0,0.748459,1,0.099476,0.099476,0
0.018,0,0.780416,1,0.149214,0.149214,0
0.019,0,0.812372,1,0.198952,0.198952,0
0.02,0,0.844328,1,0.24869,0.24869,0
0.021,0,0.865674,1,0.295303,0.295303,0
0.022,0,0.887019,1,0.341915,0.341915,0
0.023,0,0.908365,1,0.388528,0.388528,0
0.024,0,0.929711,1,0.435141,0.435141,0
0.025,0,0.951057,1,0.481754,0.481754,0
0.026,0,0.960451,1,0.522312,0.522312,0
0.027,0,0.969845,1,0.562871,0.562871,0
0.028,0,0.979239,1,0.60343,0.60343,0
0.029,0,0.988633,1,0.643988,0.643988,0
0.03,0,0.998027,1,0.684547,0.684547,2.41589e-15
0.031,0,0.994879,1,0.716503,0.716503,0.099476
0.032,0,0.991731,1,0.748459,0.748459,0.198952
0.033,0,0.988583,1,0.780416,0.780416,0.298428
0.034,0,0.985435,1,0.812372,0.812372,0.397904
0.035,0,0.982287,1,0.844328,0.844328,0.49738
0.036,0,0.966795,1,0.865674,0.865674,0.590605
0.037,0,0.951303,1,0.887019,0.887019,0.683831
0.038,0,0.935811,1,0.908365,0.908365,0.777056
0.039,0,0.920319,1,0.929711,0.929711,0.870282
0.04,0,0.904827,1,0.951057,0.951057,0.963507
0.041,0,0.877964,1,0.960451,0.960451,1.04462
0.042,0,0.851102,1,0.969845,0.969845,1.12574
0.043,0,0.824239,1,0.979239,0.979239,1.20686
0.044,0,0.797376,1,0.988633,0.988633,1.28798
0.045,0,0.770513,1,0.998027,0.998027,1.36909
0.046,0,0.733968,1,0.994879,0.994879,1.43301
0.047,0,0.697422,1,0.991731,0.991731,1.49692
0.048,0,0.660876,1,0.988583,0.988583,1.56083
0.049,0,0.624331,1,0.985435,0.985435,1.62474
0.05,0,0.587785,1,0.982287,0.982287,1.68866
0.051,0,0.543853,1,0.966795,0.966795,1.73135
0.052,0,0.499921,1,0.951303,0.951303,1.77404
0.053,0,0.455989,1,0.935811,0.935811,1.81673
0.054,0,0.412057,1,0.920319,0.920319,1.85942
0.055,0,0.368125,1,0.904827,0.904827,1.90211
0.056,0,0.319566,1,0.877964,0.877964,1.9209
0.057,0,0.271008,1,0.851102,0.851102,1.93969
0.058,0,0.22245,1,0.824239,0.824239,1.95848
0.059,0,0.173891,1,0.797376,0.797376,1.97727
0.06,0,0.125333,1,0.770513,0.770513,1.99605
0.061,0,0.0751999,1,0.733968,0.733968,1.98976
0.062,0,0.0250666,1,0.697422,0.697422,1.98346
0.063,0,-0.0250666,1,0.660876,0.660876,1.97717
0.064,0,-0.0751999,1,0.624331,0.624331,1.97087
0.065,0,-0.125333,1,0.587785,0.587785,1.96457
0.066,0,-0.173891,1,0.543853,0.543853,1.93359
0.067,0,-0.22245,1,0.499921,0.499921,1.90261
0.068,0,-0.271008,1,0.455989,0.455989,1.87162
0.069,0,-0.319566,1,0.412057,0.412057,1.84064
0.07,0,-0.368125,1,0.368125,0.368125,1.80965
0.071,0,-0.412057,1,0.319566,0.319566,1.75593
0.072,0,-0.455989,1,0.271008,0.271008,1.7022
0.073,0,-0.499921,1,0.22245,0.22245,1.64848
0.074,0,-0.543853,1,0.173891,0.173891,1.59475
0.075,0,-0.587785,1,0.125333,0.125333,1.54103
0.076,0,-0.624331,1,0.0751999,0.0751999,1.46794
0.077,0,-0.660876,1,0.0250666,0.0250666,1.39484
0.078,0,-0.697422,1,-0.0250666,-0.0250666,1.32175
0.079,0,-0.733968,1,-0.0751999,-0.0751999,1.24866
0.08,0,-0.770513,1,-0.125333,-0.125333,1.17557
0.081,0,-0.797376,1,-0.173891,-0.173891,1.08771
0.082,0,-0.824239,1,-0.22245,-0.22245,0.999842
0.083,0,-0.851102,1,-0.271008,-0.271008,0.911978
0.084,0,-0.877964,1,-0.319566,-0.319566,0.824113
0.085,0,-0.904827,1,-0.368125,-0.368125,0.736249
0.086,0,-0.920319,1,-0.412057,-0.412057,0.639133
0.087,0,-0.935811,1,-0.455989,-0.455989,0.542016
0.088,0,-0.951303,1,-0.499921,-0.499921,0.4449
0.089,0,-0.966795,1,-0.543853,-0.543853,0.347783
0.09,0,-0.982287,1,-0.587785,-0.587785,0.250666
0.091,0,-0.985435,1,-0.624331,-0.624331,0.1504
0.092,0,-0.988583,1,-0.660876,-0.660876,0.0501333
0.093,0,-0.991731,1,-0.697422,-0.697422,-0.0501333
0.094,0,-0.994879,1,-0.733968,-0.733968,-0.1504
0.095,0,-0.998027,1,-0.770513,-0.770513,-0.250666
0.096,0,-0.988633,1,-0.797376,-0.797376,-0.347783
0.097,0,-0.979239,1,-0.824239,-0.824239,-0.4449
0.098,0,-0.969845,1,-0.851102,-0.851102,-0.542016
0.099,0,-0.960451,1,-0.877964,-0.877964,-0.639133
0.1,0,-0.951057,1,-0.904827,-0.904827,-0.736249
0.101,0,-0.929711,1.0025,-0.920319,-0.920319,-0.824113
0.102,0,-0.908365,1.005,-0.935811,-0.935811,-0.911978
0.103,0,-0.887019,1.0075,-0.951303,-0.951303,-0.999842
0.104,0,-0.865674,1.01,-0.966795,-0.966795,-1.08771
0.105,0,-0.844328,1.0125,-0.982287,-0.982287,-1.17557
0.106,0,-0.812372,1.015,-0.985435,-0.985435,-1.24866
0.107,0,-0.780416,1.0175,-0.988583,-0.988583,-1.32175
0.108,0,-0.748459,1.02,-0.991731,-0.991731,-1.39484
0.109,0,-0.716503,1.0225,-0.994879,-0.994879,-1.46794
0.11,0,-0.684547,1.025,-0.998027,-0.998027,-1.54103
0.111,0,-0.643988,1.0275,-0.988633,-0.988633,-1.59475
0.112,0,-0.60343,1.03,-0.979239,-0.979239,-1.64848
0.113,0,-0.562871,1.0325,-0.969845,-0.969845,-1.7022
0.114,0,-0.522312,1.035,-0.960451,-0.960451,-1.75593
0.115,0,-0.481754,1.0375,-0.951057,-0.951057,-1.80965
0.116,0,-0.435141,1.04,-0.931822,-0.931822,-1.84064
0.117,0,-0.388528,1.0425,-0.912587,-0.912587,-1.87162
0.118,0,-0.341915,1.045,-0.893352,-0.893352,-1.90261
0.119,0,-0.295303,1.0475,-0.874117,-0.874117,-1.93359
0.12,0,-0.24869,1.05,-0.854882,-0.854882,-1.96457
0.121,0,-0.198952,1.0525,-0.824238,-0.824238,-1.97087
0.122,0,-0.149214,1.055,-0.793594,-0.793594,-1.97717
0.123,0,-0.099476,1.0575,-0.762949,-0.762949,-1.98346
0.124,0,-0.049738,1.06,-0.732305,-0.732305,-1.98976
0.125,0,4.29244e-15,1.0625,-0.701661,-0.701661,-1.99605
0.126,0,0.049738,1.065,-0.661293,-0.661293,-1.97727
0.127,0,0.099476,1.0675,-0.620924,-0.620924,-1.95848
0.128,0,0.149214,1.07,-0.580556,-0.580556,-1.93969
0.129,0,0.198952,1.0725,-0.540188,-0.540188,-1.9209
0.13,0,0.24869,1.075,-0.499819,-0.499819,-1.90211
0.131,0,0.295303,1.0775,-0.45208,-0.45208,-1.86364
0.132,0,0.341915,1.08,-0.404341,-0.404341,-1.82517
0.133,0,0.388528,1.0825,-0.356602,-0.356602,-1.7867
0.134,0,0.435141,1.085,-0.308863,-0.308863,-1.74823
0.135,0,0.481754,1.0875,-0.261124,-0.261124,-1.70976
0.136,0,0.522312,1.09,-0.2089,-0.2089,-1.64848
0.137,0,0.562871,1.0925,-0.156675,-0.156675,-1.58719
0.138,0,0.60343,1.095,-0.10445,-0.10445,-1.5259
0.139,0,0.643988,1.0975,-0.0522249,-0.0522249,-1.46461
0.14,0,0.684547,1.1,4.59523e-15,4.59523e-15,-1.40332
0.141,0,0.716503,1.1025,0.0534683,0.0534683,-1.32259
0.142,0,0.748459,1.105,0.106937,0.106937,-1.24185
0.143,0,0.780416,1.1075,0.160405,0.160405,-1.16111
0.144,0,0.812372,1.11,0.213873,0.213873,-1.08038
0.145,0,0.844328,1.1125,0.267342,0.267342,-0.999639
0.146,0,0.865674,1.115,0.318655,0.318655,-0.904161
0.147,0,0.887019,1.1175,0.369968,0.369968,-0.808683
0.148,0,0.908365,1.12,0.421281,0.421281,-0.713205
0.149,0,0.929711,1.1225,0.472594,0.472594,-0.617727
0.15,0,0.951057,1.125,0.523907,0.523907,-0.522249
0.151,0,0.960451,1.1275,0.569726,0.569726,-0.417799
0.152,0,0.969845,1.13,0.615545,0.615545,-0.313349
0.153,0,0.979239,1.1325,0.661364,0.661364,-0.2089
0.154,0,0.988633,1.135,0.707183,0.707183,-0.10445
0.155,0,0.998027,1.1375,0.753002,0.753002,9.19046e-15
0.156,0,0.994879,1.14,0.790264,0.790264,0.106937
0.157,0,0.991731,1.1425,0.827527,0.827527,0.213873
0.158,0,0.988583,1.145,0.86479,0.86479,0.32081
0.159,0,0.985435,1.1475,0.902052,0.902052,0.427747
0.16,0,0.982287,1.15,0.939315,0.939315,0.534683
0.161,0,0.966795,1.1525,0.96544,0.96544,0.637309
0.162,0,0.951303,1.155,0.991564,0.991564,0.739936
0.163,0,0.935811,1.1575,1.01769,1.01769,0.842562
0.164,0,0.920319,1.16,1.04381,1.04381,0.945188
0.165,0,0.904827,1.1625,1.06994,1.06994,1.04781
0.166,0,0.877964,1.165,1.083,1.083,1.13945
0.167,0,0.851102,1.1675,1.09607,1.09607,1.23109
0.168,0,0.824239,1.17,1.10913,1.10913,1.32273
0.169,0,0.797376,1.1725,1.12219,1.12219,1.41437
0.17,0,0.770513,1.175,1.13526,1.13526,1.506
0.171,0,0.733968,1.1775,1.13413,1.13413,1.58053
0.172,0,0.697422,1.18,1.13301,1.13301,1.65505
0.173,0,0.660876,1.1825,1.13188,1.13188,1.72958
0.174,0,0.624331,1.185,1.13076,1.13076,1.8041
0.175,0,0.587785,1.1875,1.12963,1.12963,1.87863
0.176,0,0.543853,1.19,1.11408,1.11408,1.93088
0.177,0,0.499921,1.1925,1.09852,1.09852,1.98313
0.178,0,0.455989,1.195,1.08297,1.08297,2.03538
0.179,0,0.412057,1.1975,1.06742,1.06742,2.08763
0.18,0,0.368125,1.2,1.05186,1.05186,2.13988
0.181,0,0.319566,1.2025,1.02256,1.02256,2.166
0.182,0,0.271008,1.205,0.993258,0.993258,2.19213
0.183,0,0.22245,1.2075,0.963956,0.963956,2.21826
0.184,0,0.173891,1.21,0.934655,0.934655,2.24438
0.185,0,0.125333,1.2125,0.905353,0.905353,2.27051
0.186,0,0.0751999,1.215,0.863881,0.863881,2.26826
0.187,0,0.0250666,1.2175,0.82241,0.82241,2.26601
0.188,0,-0.0250666,1.22,0.780938,0.780938,2.26376
0.189,0,-0.0751999,1.2225,0.739467,0.739467,2.26151
0.19,0,-0.125333,1.225,0.697995,0.697995,2.25926
0.191,0,-0.173891,1.2275,0.646746,0.646746,2.22815
0.192,0,-0.22245,1.23,0.595497,0.595497,2.19705
0.193,0,-0.271008,1.2325,0.544248,0.544248,2.16594
0.194,0,-0.319566,1.235,0.492999,0.492999,2.13483
0.195,0,-0.368125,1.2375,0.441749,0.441749,2.10372
0.196,0,-0.412057,1.24,0.383793,0.383793,2.04512
0.197,0,-0.455989,1.2425,0.325836,0.325836,1.98652
0.198,0,-0.499921,1.245,0.26788,0.26788,1.92791
0.199,0,-0.543853,1.2475,0.209923,0.209923,1.86931
0.2,0,-0.587785,1.25,0.151967,0.151967,1.81071
0.201,0,-0.624331,1.2525,0.0908666,0.0908666,1.72776
0.202,0,-0.660876,1.255,0.0297666,0.0297666,1.64482
0.203,0,-0.697422,1.2575,-0.0313333,-0.0313333,1.56188
0.204,0,-0.733968,1.26,-0.0924333,-0.0924333,1.47893
0.205,0,-0.770513,1.2625,-0.153533,-0.153533,1.39599
0.206,0,-0.797376,1.265,-0.213937,-0.213937,1.29349
0.207,0,-0.824239,1.2675,-0.274342,-0.274342,1.19099
0.208,0,-0.851102,1.27,-0.334746,-0.334746,1.0885
0.209,0,-0.877964,1.2725,-0.39515,-0.39515,0.985997
0.21,0,-0.904827,1.275,-0.455554,-0.455554,0.883499
0.211,0,-0.920319,1.2775,-0.51139,-0.51139,0.767586
0.212,0,-0.935811,1.28,-0.567225,-0.567225,0.651673
0.213,0,-0.951303,1.2825,-0.623061,-0.623061,0.535759
0.214,0,-0.966795,1.285,-0.678896,-0.678896,0.419846
0.215,0,-0.982287,1.2875,-0.734732,-0.734732,0.303933
0.216,0,-0.985435,1.29,-0.78234,-0.78234,0.181733
0.217,0,-0.988583,1.2925,-0.829948,-0.829948,0.0595333
0.218,0,-0.991731,1.295,-0.877556,-0.877556,-0.0626666
0.219,0,-0.994879,1.2975,-0.925165,-0.925165,-0.184867
0.22,0,-0.998027,1.3,-0.972773,-0.972773,-0.307066
0.221,0,-0.988633,1.3025,-1.00895,-1.00895,-0.427875
0.222,0,-0.979239,1.305,-1.04513,-1.04513,-0.548683
0.223,0,-0.969845,1.3075,-1.0813,-1.0813,-0.669492
0.224,0,-0.960451,1.31,-1.11748,-1.11748,-0.7903
0.225,0,-0.951057,1.3125,-1.15365,-1.15365,-0.911108
0.226,0,-0.929711,1.315,-1.17586,-1.17586,-1.02278
0.227,0,-0.908365,1.3175,-1.19807,-1.19807,-1.13445
0.228,0,-0.887019,1.32,-1.22028,-1.22028,-1.24612
0.229,0,-0.865674,1.3225,-1.24249,-1.24249,-1.35779
0.23,0,-0.844328,1.325,-1.26469,-1.26469,-1.46946
0.231,0,-0.812372,1.3275,-1.27124,-1.27124,-1.56468
0.232,0,-0.780416,1.33,-1.27779,-1.27779,-1.6599
0.233,0,-0.748459,1.3325,-1.28434,-1.28434,-1.75511
0.234,0,-0.716503,1.335,-1.29089,-1.29089,-1.85033
0.235,0,-0.684547,1.3375,-1.29743,-1.29743,-1.94555
0.236,0,-0.643988,1.34,-1.2876,-1.2876,-2.0179
0.237,0,-0.60343,1.3425,-1.27777,-1.27777,-2.09025
0.238,0,-0.562871,1.345,-1.26793,-1.26793,-2.1626
0.239,0,-0.522312,1.3475,-1.2581,-1.2581,-2.23496
0.24,0,-0.481754,1.35,-1.24826,-1.24826,-2.30731
0.241,0,-0.435141,1.3525,-1.22236,-1.22236,-2.35173
0.242,0,-0.388528,1.355,-1.19645,-1.19645,-2.39614
0.243,0,-0.341915,1.3575,-1.17055,-1.17055,-2.44056
0.244,0,-0.295303,1.36,-1.14464,-1.14464,-2.48497
0.245,0,-0.24869,1.3625,-1.11873,-1.11873,-2.52939
0.246,0,-0.198952,1.365,-1.0781,-1.0781,-2.54249
0.247,0,-0.149214,1.3675,-1.03747,-1.03747,-2.55558
0.248,0,-0.099476,1.37,-0.996843,-0.996843,-2.56868
0.249,0,-0.049738,1.3725,-0.956212,-0.956212,-2.58177
0.25,0,7.60022e-15,1.375,-0.915582,-0.915582,-2.59487
0.251,0,0.049738,1.3775,-0.862539,-0.862539,-2.5752
0.252,0,0.099476,1.38,-0.809496,-0.809496,-2.55553
0.253,0,0.149214,1.3825,-0.756453,-0.756453,-2.53586
0.254,0,0.198952,1.385,-0.70341,-0.70341,-2.51619
0.255,0,0.24869,1.3875,-0.650367,-0.650367,-2.49652
0.256,0,0.295303,1.39,-0.588062,-0.588062,-2.44471
0.257,0,0.341915,1.3925,-0.525756,-0.525756,-2.3929
0.258,0,0.388528,1.395,-0.463451,-0.463451,-2.34109
0.259,0,0.435141,1.3975,-0.401145,-0.401145,-2.28928
0.26,0,0.481754,1.4,-0.33884,-0.33884,-2.23747
0.261,0,0.522312,1.4025,-0.271072,-0.271072,-2.15621
0.262,0,0.562871,1.405,-0.203304,-0.203304,-2.07495
0.263,0,0.60343,1.4075,-0.135536,-0.135536,-1.99369
0.264,0,0.643988,1.41,-0.067768,-0.067768,-1.91242
0.265,0,0.684547,1.4125,1.04848e-14,1.04848e-14,-1.83116
0.266,0,0.716503,1.415,0.0690114,0.0690114,-1.72508
0.267,0,0.748459,1.4175,0.138023,0.138023,-1.61899
0.268,0,0.780416,1.42,0.207034,0.207034,-1.51291
0.269,0,0.812372,1.4225,0.276046,0.276046,-1.40682
0.27,0,0.844328,1.425,0.345057,0.345057,-1.30073
0.271,0,0.865674,1.4275,0.410937,0.410937,-1.17612
0.272,0,0.887019,1.43,0.476816,0.476816,-1.05151
0.273,0,0.908365,1.4325,0.542696,0.542696,-0.926902
0.274,0,0.929711,1.435,0.608576,0.608576,-0.802291
0.275,0,0.951057,1.4375,0.674455,0.674455,-0.67768
0.276,0,0.960451,1.44,0.732949,0.732949,-0.542144
0.277,0,0.969845,1.4425,0.791442,0.791442,-0.406608
0.278,0,0.979239,1.445,0.849936,0.849936,-0.271072
0.279,0,0.988633,1.4475,0.908429,0.908429,-0.135536
0.28,0,0.998027,1.45,0.966923,0.966923,2.09696e-14
0.281,0,0.994879,1.4525,1.01417,1.01417,0.138023
0.282,0,0.991731,1.455,1.06142,1.06142,0.276046
0.283,0,0.988583,1.4575,1.10867,1.10867,0.414069
0.284,0,0.985435,1.46,1.15592,1.15592,0.552092
0.285,0,0.982287,1.4625,1.20317,1.20317,0.690114
0.286,0,0.966795,1.465,1.23596,1.23596,0.821874
0.287,0,0.951303,1.4675,1.26876,1.26876,0.953633
0.288,0,0.935811,1.47,1.30155,1.30155,1.08539
0.289,0,0.920319,1.4725,1.33435,1.33435,1.21715
0.29,0,0.904827,1.475,1.36714,1.36714,1.34891
0.291,0,0.877964,1.4775,1.38314,1.38314,1.4659
0.292,0,0.851102,1.48,1.39914,1.39914,1.58288
0.293,0,0.824239,1.4825,1.41514,1.41514,1.69987
0.294,0,0.797376,1.485,1.43114,1.43114,1.81686
0.295,0,0.770513,1.4875,1.44714,1.44714,1.93385
0.296,0,0.733968,1.49,1.44503,1.44503,2.02834
0.297,0,0.697422,1.4925,1.44292,1.44292,2.12284
0.298,0,0.660876,1.495,1.44081,1.44081,2.21734
0.299,0,0.624331,1.4975,1.4387,1.4387,2.31184
0.3,0,0.587785,1.5,1.4366,1.4366,2.40633
0.301,0,0.543853,1.5025,1.4162,1.4162,2.47193
0.302,0,0.499921,1.505,1.39581,1.39581,2.53752
0.303,0,0.455989,1.5075,1.37541,1.37541,2.60311
0.304,0,0.412057,1.51,1.35501,1.35501,2.6687
0.305,0,0.368125,1.5125,1.33462,1.33462,2.73429
0.306,0,0.319566,1.515,1.29692,1.29692,2.76629
0.307,0,0.271008,1.5175,1.25923,1.25923,2.79828
0.308,0,0.22245,1.52,1.22153,1.22153,2.83028
0.309,0,0.173891,1.5225,1.18383,1.18383,2.86228
0.31,0,0.125333,1.525,1.14614,1.14614,2.89428
0.311,0,0.0751999,1.5275,1.09325,1.09325,2.89006
0.312,0,0.0250666,1.53,1.04035,1.04035,2.88584
0.313,0,-0.0250666,1.5325,0.987462,0.987462,2.88163
0.314,0,-0.0751999,1.535,0.93457,0.93457,2.87741
0.315,0,-0.125333,1.5375,0.881678,0.881678,2.87319
0.316,0,-0.173891,1.54,0.8167,0.8167,2.8324
0.317,0,-0.22245,1.5425,0.751722,0.751722,2.79161
0.318,0,-0.271008,1.545,0.686744,0.686744,2.75082
0.319,0,-0.319566,1.5475,0.621766,0.621766,2.71003
0.32,0,-0.368125,1.55,0.556788,0.556788,2.66924
0.321,0,-0.412057,1.5525,0.483657,0.483657,2.59385
0.322,0,-0.455989,1.555,0.410526,0.410526,2.51845
0.323,0,-0.499921,1.5575,0.337395,0.337395,2.44306
0.324,0,-0.543853,1.56,0.264264,0.264264,2.36767
0.325,0,-0.587785,1.5625,0.191133,0.191133,2.29228
0.326,0,-0.624331,1.565,0.114367,0.114367,2.18649
0.327,0,-0.660876,1.5675,0.0376,0.0376,2.08071
0.328,0,-0.697422,1.57,-0.0391666,-0.0391666,1.97492
0.329,0,-0.733968,1.5725,-0.115933,-0.115933,1.86914
0.33,0,-0.770513,1.575,-0.1927,-0.1927,1.76336
0.331,0,-0.797376,1.5775,-0.268278,-0.268278,1.6334
0.332,0,-0.824239,1.58,-0.343857,-0.343857,1.50344
0.333,0,-0.851102,1.5825,-0.419436,-0.419436,1.37349
0.334,0,-0.877964,1.585,-0.495014,-0.495014,1.24353
0.335,0,-0.904827,1.5875,-0.570593,-0.570593,1.11358
0.336,0,-0.920319,1.59,-0.640157,-0.640157,0.967315
0.337,0,-0.935811,1.5925,-0.709722,-0.709722,0.821053
0.338,0,-0.951303,1.595,-0.779286,-0.779286,0.674791
0.339,0,-0.966795,1.5975,-0.84885,-0.84885,0.528528
0.34,0,-0.982287,1.6,-0.918414,-0.918414,0.382266
0.341,0,-0.985435,1.6025,-0.977443,-0.977443,0.228733
0.342,0,-0.988583,1.605,-1.03647,-1.03647,0.0751999
0.343,0,-0.991731,1.6075,-1.0955,-1.0955,-0.0783333
0.344,0,-0.994879,1.61,-1.15453,-1.15453,-0.231866
0.345,0,-0.998027,1.6125,-1.21356,-1.21356,-0.3854
0.346,0,-0.988633,1.615,-1.25813,-1.25813,-0.536557
0.347,0,-0.979239,1.6175,-1.3027,-1.3027,-0.687714
0.348,0,-0.969845,1.62,-1.34727,-1.34727,-0.838872
0.349,0,-0.960451,1.6225,-1.39184,-1.39184,-0.990029
0.35,0,-0.951057,1.625,-1.43641,-1.43641,-1.14119
0.351,0,-0.929711,1.6275,-1.46346,-1.46346,-1.28031
0.352,0,-0.908365,1.63,-1.49051,-1.49051,-1.41944
0.353,0,-0.887019,1.6325,-1.51756,-1.51756,-1.55857
0.354,0,-0.865674,1.635,-1.54461,-1.54461,-1.6977
0.355,0,-0.844328,1.6375,-1.57166,-1.57166,-1.83683
0.356,0,-0.812372,1.64,-1.57919,-1.57919,-1.95489
0.357,0,-0.780416,1.6425,-1.58672,-1.58672,-2.07294
0.358,0,-0.748459,1.645,-1.59425,-1.59425,-2.191
0.359,0,-0.716503,1.6475,-1.60179,-1.60179,-2.30906
0.36,0,-0.684547,1.65,-1.60932,-1.60932,-2.42712
0.361,0,-0.643988,1.6525,-1.59655,-1.59655,-2.51626
0.362,0,-0.60343,1.655,-1.58378,-1.58378,-2.6054
0.363,0,-0.562871,1.6575,-1.57101,-1.57101,-2.69454
0.364,0,-0.522312,1.66,-1.55824,-1.55824,-2.78368
0.365,0,-0.481754,1.6625,-1.54547,-1.54547,-2.87283
0.366,0,-0.435141,1.665,-1.51289,-1.51289,-2.92692
0.367,0,-0.388528,1.6675,-1.48031,-1.48031,-2.98102
0.368,0,-0.341915,1.67,-1.44774,-1.44774,-3.03512
0.369,0,-0.295303,1.6725,-1.41516,-1.41516,-3.08922
0.37,0,-0.24869,1.675,-1.38259,-1.38259,-3.14332
0.371,0,-0.198952,1.6775,-1.33197,-1.33197,-3.15838
0.372,0,-0.149214,1.68,-1.28135,-1.28135,-3.17345
0.373,0,-0.099476,1.6825,-1.23074,-1.23074,-3.18851
0.374,0,-0.049738,1.685,-1.18012,-1.18012,-3.20357
0.375,0,1.26844e-14,1.6875,-1.1295,-1.1295,-3.21864
0.376,0,0.049738,1.69,-1.06379,-1.06379,-3.1931
0.377,0,0.099476,1.6925,-0.998068,-0.998068,-3.16756
0.378,0,0.149214,1.695,-0.93235,-0.93235,-3.14201
0.379,0,0.198952,1.6975,-0.866633,-0.866633,-3.11647
0.38,0,0.24869,1.7,-0.800915,-0.800915,-3.09093
0.381,0,0.295303,1.7025,-0.724043,-0.724043,-3.02578
0.382,0,0.341915,1.705,-0.647172,-0.647172,-2.96063
0.383,0,0.388528,1.7075,-0.5703,-0.5703,-2.89548
0.384,0,0.435141,1.71,-0.493428,-0.493428,-2.83033
0.385,0,0.481754,1.7125,-0.416556,-0.416556,-2.76517
0.386,0,0.522312,1.715,-0.333244,-0.333244,-2.66394
0.387,0,0.562871,1.7175,-0.249933,-0.249933,-2.56271
0.388,0,0.60343,1.72,-0.166622,-0.166622,-2.46147
0.389,0,0.643988,1.7225,-0.0833111,-0.0833111,-2.36024
0.39,0,0.684547,1.725,2.14394e-14,2.14394e-14,-2.25901
0.391,0,0.716503,1.7275,0.0845546,0.0845546,-2.12757
0.392,0,0.748459,1.73,0.169109,0.169109,-1.99614
0.393,0,0.780416,1.7325,0.253664,0.253664,-1.8647
0.394,0,0.812372,1.735,0.338218,0.338218,-1.73327
0.395,0,0.844328,1.7375,0.422773,0.422773,-1.60183
0.396,0,0.865674,1.74,0.503219,0.503219,-1.44809
0.397,0,0.887019,1.7425,0.583665,0.583665,-1.29434
0.398,0,0.908365,1.745,0.664111,0.664111,-1.1406
0.399,0,0.929711,1.7475,0.744557,0.744557,-0.986855
0.4,0,0.951057,1.75,0.825003,0.825003,-0.833111
0.401,0,0.960451,1.7525,0.896171,0.896171,-0.666489
0.402,0,0.969845,1.755,0.967339,0.967339,-0.499867
0.403,0,0.979239,1.7575,1.03851,1.03851,-0.333244
0.404,0,0.988633,1.76,1.10968,1.10968,-0.166622
0.405,0,0.998027,1.7625,1.18084,1.18084,4.28788e-14
0.406,0,0.994879,1.765,1.23808,1.23808,0.169109
0.407,0,0.991731,1.7675,1.29531,1.29531,0.338218
0.408,0,0.988583,1.77,1.35255,1.35255,0.507327
0.409,0,0.985435,1.7725,1.40978,1.40978,0.676436
0.41,0,0.982287,1.775,1.46702,1.46702,0.845546
0.411,0,0.966795,1.7775,1.50649,1.50649,1.00644
0.412,0,0.951303,1.78,1.54595,1.54595,1.16733
0.413,0,0.935811,1.7825,1.58542,1.58542,1.32822
0.414,0,0.920319,1.785,1.62488,1.62488,1.48911
0.415,0,0.904827,1.7875,1.66435,1.66435,1.65001
0.416,0,0.877964,1.79,1.68328,1.68328,1.79234
0.417,0,0.851102,1.7925,1.70222,1.70222,1.93468
0.418,0,0.824239,1.795,1.72115,1.72115,2.07702
0.419,0,0.797376,1.7975,1.74009,1.74009,2.21935
0.42,0,0.770513,1.8,1.75902,1.75902,2.36169
0.421,0,0.733968,1.8025,1.75593,1.75593,2.47616
0.422,0,0.697422,1.805,1.75284,1.75284,2.59063
0.423,0,0.660876,1.8075,1.74974,1.74974,2.7051
0.424,0,0.624331,1.81,1.74665,1.74665,2.81957
0.425,0,0.587785,1.8125,1.74356,1.74356,2.93404
0.426,0,0.543853,1.815,1.71832,1.71832,3.01297
0.427,0,0.499921,1.8175,1.69309,1.69309,3.0919
0.428,0,0.455989,1.82,1.66785,1.66785,3.17083
0.429,0,0.412057,1.8225,1.64261,1.64261,3.24977
0.43,0,0.368125,1.825,1.61738,1.61738,3.3287
0.431,0,0.319566,1.8275,1.57129,1.57129,3.36657
0.432,0,0.271008,1.83,1.5252,1.5252,3.40444
0.433,0,0.22245,1.8325,1.47911,1.47911,3.44231
0.434,0,0.173891,1.835,1.43301,1.43301,3.48017
0.435,0,0.125333,1.8375,1.38692,1.38692,3.51804
0.436,0,0.0751999,1.84,1.32261,1.32261,3.51186
0.437,0,0.0250666,1.8425,1.2583,1.2583,3.50567
0.438,0,-0.0250666,1.845,1.19399,1.19399,3.49949
0.439,0,-0.0751999,1.8475,1.12967,1.12967,3.4933
0.44,0,-0.125333,1.85,1.06536,1.06536,3.48712
0.441,0,-0.173891,1.8525,0.986654,0.986654,3.43665
0.442,0,-0.22245,1.855,0.907947,0.907947,3.38617
0.443,0,-0.271008,1.8575,0.829241,0.829241,3.3357
0.444,0,-0.319566,1.86,0.750534,0.750534,3.28523
0.445,0,-0.368125,1.8625,0.671827,0.671827,3.23476
0.446,0,-0.412057,1.865,0.583522,0.583522,3.14257
0.447,0,-0.455989,1.8675,0.495216,0.495216,3.05039
0.448,0,-0.499921,1.87,0.406911,0.406911,2.95821
0.449,0,-0.543853,1.8725,0.318605,0.318605,2.86603
0.45,0,-0.587785,1.875,0.2303,0.2303,2.77385
0.451,0,-0.624331,1.8775,0.137867,0.137867,2.64522
0.452,0,-0.660876,1.88,0.0454333,0.0454333,2.5166
0.453,0,-0.697422,1.8825,-0.047,-0.047,2.38797
0.454,0,-0.733968,1.885,-0.139433,-0.139433,2.25935
0.455,0,-0.770513,1.8875,-0.231866,-0.231866,2.13072
0.456,0,-0.797376,1.89,-0.32262,-0.32262,1.97331
0.457,0,-0.824239,1.8925,-0.413373,-0.413373,1.81589
0.458,0,-0.851102,1.895,-0.504126,-0.504126,1.65848
0.459,0,-0.877964,1.8975,-0.594879,-0.594879,1.50107
0.46,0,-0.904827,1.9,-0.685632,-0.685632,1.34365
0.461,0,-0.920319,1.9025,-0.768925,-0.768925,1.16704
0.462,0,-0.935811,1.905,-0.852218,-0.852218,0.990433
0.463,0,-0.951303,1.9075,-0.935511,-0.935511,0.813822
0.464,0,-0.966795,1.91,-1.0188,-1.0188,0.637211
0.465,0,-0.982287,1.9125,-1.1021,-1.1021,0.4606
0.466,0,-0.985435,1.915,-1.17255,-1.17255,0.275733
0.467,0,-0.988583,1.9175,-1.243,-1.243,0.0908666
0.468,0,-0.991731,1.92,-1.31345,-1.31345,-0.0939999
0.469,0,-0.994879,1.9225,-1.38389,-1.38389,-0.278866
0.47,0,-0.998027,1.925,-1.45434,-1.45434,-0.463733
0.471,0,-0.988633,1.9275,-1.50731,-1.50731,-0.645239
0.472,0,-0.979239,1.93,-1.56027,-1.56027,-0.826745
0.473,0,-0.969845,1.9325,-1.61324,-1.61324,-1.00825
0.474,0,-0.960451,1.935,-1.66621,-1.66621,-1.18976
0.475,0,-0.951057,1.9375,-1.71917,-1.71917,-1.37126
0.476,0,-0.929711,1.94,-1.75106,-1.75106,-1.53785
0.477,0,-0.908365,1.9425,-1.78295,-1.78295,-1.70444
0.478,0,-0.887019,1.945,-1.81484,-1.81484,-1.87102
0.479,0,-0.865674,1.9475,-1.84673,-1.84673,-2.03761
0.48,0,-0.844328,1.95,-1.87862,-1.87862,-2.20419
0.481,0,-0.812372,1.9525,-1.88714,-1.88714,-2.34509
0.482,0,-0.780416,1.955,-1.89566,-1.89566,-2.48599
0.483,0,-0.748459,1.9575,-1.90417,-1.90417,-2.62689
0.484,0,-0.716503,1.96,-1.91269,-1.91269,-2.76779
0.485,0,-0.684547,1.9625,-1.9212,-1.9212,-2.90869
0.486,0,-0.643988,1.965,-1.9055,-1.9055,-3.01462
0.487,0,-0.60343,1.9675,-1.88979,-1.88979,-3.12055
0.488,0,-0.562871,1.97,-1.87408,-1.87408,-3.22648
0.489,0,-0.522312,1.9725,-1.85838,-1.85838,-3.33241
0.49,0,-0.481754,1.975,-1.84267,-1.84267,-3.43834
0.491,0,-0.435141,1.9775,-1.80343,-1.80343,-3.50212
0.492,0,-0.388528,1.98,-1.76418,-1.76418,-3.56591
0.493,0,-0.341915,1.9825,-1.72493,-1.72493,-3.62969
0.494,0,-0.295303,1.985,-1.68569,-1.68569,-3.69347
0.495,0,-0.24869,1.9875,-1.64644,-1.64644,-3.75725
0.496,0.4,-0.198952,1.99,-1.58584,-1.58584,-3.77428
0.497,0.8,-0.149214,1.9925,-1.52523,-1.52523,-3.79131
0.498,1.2,-0.099476,1.995,-1.46463,-1.46463,-3.80834
0.499,1.6,-0.049738,1.9975,-1.40403,-1.40403,-3.82537
0.5,2,1.67839e-14,2,-1.34342,-1.34342,-3.8424
0.501,2,0.049738,2.0025,-1.26503,-1.26503,-3.81099
0.502,2,0.099476,2.005,-1.18664,-1.18664,-3.77958
0.503,2,0.149214,2.0075,-1.10825,-1.10825,-3.74817
0.504,2,0.198952,2.01,-1.02986,-1.02986,-3.71676
0.505,2,0.24869,2.0125,-0.951464,-0.951464,-3.68534
0.506,2,0.295303,2.015,-0.860025,-0.860025,-3.60685
0.507,2,0.341915,2.0175,-0.768587,-0.768587,-3.52836
0.508,2,0.388528,2.02,-0.677148,-0.677148,-3.44986
0.509,2,0.435141,2.0225,-0.58571,-0.58571,-3.37137
0.51,2,0.481754,2.025,-0.494271,-0.494271,-3.29288
0.511,2,0.522312,2.0275,0.00458308,0.00458308,-3.17167
0.512,2,0.562871,2.03,0.503437,0.503437,-3.05047
0.513,2,0.60343,2.0325,1.00229,1.00229,-2.92926
0.514,2,0.643988,2.035,1.50115,1.50115,-2.80805
0.515,2,0.684547,2.0375,2,2,-2.68685
0.516,2,0.716503,2.04,2.1001,2.1001,-2.53006
0.517,2,0.748459,2.0425,2.2002,2.2002,-2.37328
0.518,2,0.780416,2.045,2.30029,2.30029,-2.2165
0.519,2,0.812372,2.0475,2.40039,2.40039,-2.05971
0.52,2,0.844328,2.05,2.50049,2.50049,-1.90293
0.521,2,0.865674,2.0525,2.5955,2.5955,-1.72005
0.522,2,0.887019,2.055,2.69051,2.69051,-1.53717
0.523,2,0.908365,2.0575,2.78553,2.78553,-1.3543
0.524,2,0.929711,2.06,2.88054,2.88054,-1.17142
0.525,2,0.951057,2.0625,2.97555,2.97555,-0.988542
0.526,2,0.960451,2.065,3.05939,3.05939,0.00916616
0.527,2,0.969845,2.0675,3.14324,3.14324,1.00687
0.528,2,0.979239,2.07,3.22708,3.22708,2.00458
0.529,2,0.988633,2.0725,3.31092,3.31092,3.00229
0.53,2,0.998027,2.075,3.39476,3.39476,4
0.531,2,0.994879,2.0775,3.46199,3.46199,4.2002
0.532,2,0.991731,2.08,3.52921,3.52921,4.40039
0.533,2,0.988583,2.0825,3.59643,3.59643,4.60059
0.534,2,0.985435,2.085,3.66365,3.66365,4.80078
0.535,2,0.982287,2.0875,3.73087,3.73087,5.00098
0.536,2,0.966795,2.09,3.77701,3.77701,5.191
0.537,2,0.951303,2.0925,3.82314,3.82314,5.38103
0.538,2,0.935811,2.095,3.86928,3.86928,5.57105
0.539,2,0.920319,2.0975,3.91542,3.91542,5.76108
0.54,2,0.904827,2.1,3.96155,3.96155,5.9511
0.541,2,0.877964,2.1025,3.98342,3.98342,6.11879
0.542,2,0.851102,2.105,4.00529,4.00529,6.28647
0.543,2,0.824239,2.1075,4.02716,4.02716,6.45416
0.544,2,0.797376,2.11,4.04904,4.04904,6.62184
0.545,2,0.770513,2.1125,4.07091,4.07091,6.78953
0.546,2,0.733968,2.115,4.06683,4.06683,6.92397
0.547,2,0.697422,2.1175,4.06275,4.06275,7.05842
0.548,2,0.660876,2.12,4.05868,4.05868,7.19286
0.549,2,0.624331,2.1225,4.0546,4.0546,7.3273
0.55,2,0.587785,2.125,4.05052,4.05052,7.46174
0.551,2,0.543853,2.1275,4.02045,4.02045,7.55402
0.552,2,0.499921,2.13,3.99037,3.99037,7.64629
0.553,2,0.455989,2.1325,3.96029,3.96029,7.73856
0.554,2,0.412057,2.135,3.93021,3.93021,7.83084
0.555,2,0.368125,2.1375,3.90014,3.90014,7.92311
0.556,2,0.319566,2.14,3.84565,3.84565,7.96685
0.557,2,0.271008,2.1425,3.79117,3.79117,8.01059
0.558,2,0.22245,2.145,3.73668,3.73668,8.05433
0.559,2,0.173891,2.1475,3.68219,3.68219,8.09807
0.56,2,0.125333,2.15,3.62771,3.62771,8.14181
0.561,2,0.0751999,2.1525,3.55198,3.55198,8.13366
0.562,2,0.0250666,2.155,3.47624,3.47624,8.12551
0.563,2,-0.0250666,2.1575,3.40051,3.40051,8.11735
0.564,2,-0.0751999,2.16,3.32478,3.32478,8.1092
0.565,2,-0.125333,2.1625,3.24904,3.24904,8.10105
0.566,2,-0.173891,2.165,3.15661,3.15661,8.04089
0.567,2,-0.22245,2.1675,3.06417,3.06417,7.98074
0.568,2,-0.271008,2.17,2.97174,2.97174,7.92058
0.569,2,-0.319566,2.1725,2.8793,2.8793,7.86043
0.57,2,-0.368125,2.175,2.78687,2.78687,7.80027
0.571,2,-0.412057,2.1775,2.68339,2.68339,7.6913
0.572,2,-0.455989,2.18,2.57991,2.57991,7.58233
0.573,2,-0.499921,2.1825,2.47643,2.47643,7.47336
0.574,2,-0.543853,2.185,2.37295,2.37295,7.36439
0.575,2,-0.587785,2.1875,2.26947,2.26947,7.25542
0.576,2,-0.624331,2.19,2.16137,2.16137,7.10395
0.577,2,-0.660876,2.1925,2.05327,2.05327,6.95249
0.578,2,-0.697422,2.195,1.94517,1.94517,6.80102
0.579,2,-0.733968,2.1975,1.83707,1.83707,6.64955
0.58,2,-0.770513,2.2,1.72897,1.72897,6.49809
0.581,2,-0.797376,2.2025,1.62304,1.62304,6.31322
0.582,2,-0.824239,2.205,1.51711,1.51711,6.12835
0.583,2,-0.851102,2.2075,1.41118,1.41118,5.94347
0.584,2,-0.877964,2.21,1.30526,1.30526,5.7586
0.585,2,-0.904827,2.2125,1.19933,1.19933,5.57373
0.586,2,-0.920319,2.215,1.10231,1.10231,5.36677
0.587,2,-0.935811,2.2175,1.00529,1.00529,5.15981
0.588,2,-0.951303,2.22,0.908263,0.908263,4.95285
0.589,2,-0.966795,2.2225,0.811242,0.811242,4.74589
0.59,2,-0.982287,2.225,0.71422,0.71422,4.53893
0.591,2,-0.985435,2.2275,0.63235,0.63235,4.32273
0.592,2,-0.988583,2.23,0.55048,0.55048,4.10653
0.593,2,-0.991731,2.2325,0.46861,0.46861,3.89033
0.594,2,-0.994879,2.235,0.386741,0.386741,3.67413
0.595,2,-0.998027,2.2375,0.304871,0.304871,3.45793
0.596,2,-0.988633,2.24,0.243511,0.243511,3.24608
0.597,2,-0.979239,2.2425,0.182151,0.182151,3.03422
0.598,2,-0.969845,2.245,0.12079,0.12079,2.82237
0.599,2,-0.960451,2.2475,0.0594303,0.0594303,2.61051
0.6,2,-0.951057,2.25,-0.00192985,-0.00192985,2.39866
0.601,2,-0.929711,2.2525,-0.0386617,-0.0386617,2.20461
0.602,2,-0.908365,2.255,-0.0753936,-0.0753936,2.01057
0.603,2,-0.887019,2.2575,-0.112125,-0.112125,1.81653
0.604,2,-0.865674,2.26,-0.148857,-0.148857,1.62248
0.605,2,-0.844328,2.2625,-0.185589,-0.185589,1.42844
0.606,2,-0.812372,2.265,-0.195088,-0.195088,1.2647
0.607,2,-0.780416,2.2675,-0.204587,-0.204587,1.10096
0.608,2,-0.748459,2.27,-0.214087,-0.214087,0.937221
0.609,2,-0.716503,2.2725,-0.223586,-0.223586,0.773481
0.61,2,-0.684547,2.275,-0.233085,-0.233085,0.609742
0.611,2,-0.643988,2.2775,-0.214443,-0.214443,0.487021
0.612,2,-0.60343,2.28,-0.195802,-0.195802,0.364301
0.613,2,-0.562871,2.2825,-0.17716,-0.17716,0.241581
0.614,2,-0.522312,2.285,-0.158519,-0.158519,0.118861
0.615,2,-0.481754,2.2875,-0.139877,-0.139877,-0.00385971
0.616,2,-0.435141,2.29,-0.0939601,-0.0939601,-0.0773234
0.617,2,-0.388528,2.2925,-0.0480431,-0.0480431,-0.150787
0.618,2,-0.341915,2.295,-0.00212602,-0.00212602,-0.224251
0.619,2,-0.295303,2.2975,0.043791,0.043791,-0.297715
0.62,2,-0.24869,2.3,0.0897081,0.0897081,-0.371178
0.621,2,-0.198952,2.3025,0.160298,0.160298,-0.390177
0.622,2,-0.149214,2.305,0.230887,0.230887,-0.409175
0.623,2,-0.099476,2.3075,0.301476,0.301476,-0.428173
0.624,2,-0.049738,2.31,0.372066,0.372066,-0.447171
0.625,2,2.00916e-14,2.3125,0.442655,0.442655,-0.46617
0.626,2,0.049738,2.315,0.533722,0.533722,-0.428887
0.627,2,0.099476,2.3175,0.624789,0.624789,-0.391603
0.628,2,0.149214,2.32,0.715855,0.715855,-0.35432
0.629,2,0.198952,2.3225,0.806922,0.806922,-0.317037
0.63,2,0.24869,2.325,0.897988,0.897988,-0.279754
0.631,2,0.295303,2.3275,1.00399,1.00399,-0.18792
0.632,2,0.341915,2.33,1.11,1.11,-0.0960861
0.633,2,0.388528,2.3325,1.216,1.216,-0.00425205
0.634,2,0.435141,2.335,1.32201,1.32201,0.087582
0.635,2,0.481754,2.3375,1.42801,1.42801,0.179416
0.636,2,0.522312,2.34,1.54241,1.54241,0.320595
0.637,2,0.562871,2.3425,1.65681,1.65681,0.461774
0.638,2,0.60343,2.345,1.77121,1.77121,0.602953
0.639,2,0.643988,2.3475,1.8856,1.8856,0.744132
0.64,2,0.684547,2.35,2,2,0.885311
0.641,2,0.716503,2.3525,2.11564,2.11564,1.06744
0.642,2,0.748459,2.355,2.23128,2.23128,1.24958
0.643,2,0.780416,2.3575,2.34692,2.34692,1.43171
0.644,2,0.812372,2.36,2.46256,2.46256,1.61384
0.645,2,0.844328,2.3625,2.5782,2.5782,1.79598
0.646,2,0.865674,2.365,2.68778,2.68778,2.00799
0.647,2,0.887019,2.3675,2.79736,2.79736,2.22
0.648,2,0.908365,2.37,2.90694,2.90694,2.43201
0.649,2,0.929711,2.3725,3.01652,3.01652,2.64402
0.65,2,0.951057,2.375,3.1261,3.1261,2.85603
0.651,2,0.960451,2.3775,3.22262,3.22262,3.08482
0.652,2,0.969845,2.38,3.31913,3.31913,3.31362
0.653,2,0.979239,2.3825,3.41565,3.41565,3.54241
0.654,2,0.988633,2.385,3.51217,3.51217,3.77121
0.655,2,0.998027,2.3875,3.60869,3.60869,4
0.656,2,0.994879,2.39,3.68589,3.68589,4.23128
0.657,2,0.991731,2.3925,3.7631,3.7631,4.46256
0.658,2,0.988583,2.395,3.84031,3.84031,4.69384
0.659,2,0.985435,2.3975,3.91752,3.91752,4.92513
0.66,2,0.982287,2.4,3.99472,3.99472,5.15641
0.661,2,0.966795,2.4025,4.04753,4.04753,5.37557
0.662,2,0.951303,2.405,4.10034,4.10034,5.59472
0.663,2,0.935811,2.4075,4.15315,4.15315,5.81388
0.664,2,0.920319,2.41,4.20595,4.20595,6.03304
0.665,2,0.904827,2.4125,4.25876,4.25876,6.2522
0.666,2,0.877964,2.415,4.28357,4.28357,6.44523
0.667,2,0.851102,2.4175,4.30837,4.30837,6.63827
0.668,2,0.824239,2.42,4.33318,4.33318,6.8313
0.669,2,0.797376,2.4225,4.35798,4.35798,7.02434
0.67,2,0.770513,2.425,4.38279,4.38279,7.21737
0.671,2,0.733968,2.4275,4.37773,4.37773,7.37179
0.672,2,0.697422,2.43,4.37267,4.37267,7.5262
0.673,2,0.660876,2.4325,4.36761,4.36761,7.68062
0.674,2,0.624331,2.435,4.36255,4.36255,7.83503
0.675,2,0.587785,2.4375,4.35749,4.35749,7.98945
0.676,2,0.543853,2.44,4.32257,4.32257,8.09506
0.677,2,0.499921,2.4425,4.28765,4.28765,8.20068
0.678,2,0.455989,2.445,4.25273,4.25273,8.30629
0.679,2,0.412057,2.4475,4.21781,4.21781,8.4119
0.68,2,0.368125,2.45,4.1829,4.1829,8.51752
0.681,2,0.319566,2.4525,4.12002,4.12002,8.56713
0.682,2,0.271008,2.455,4.05714,4.05714,8.61674
0.683,2,0.22245,2.4575,3.99425,3.99425,8.66635
0.684,2,0.173891,2.46,3.93137,3.93137,8.71597
0.685,2,0.125333,2.4625,3.86849,3.86849,8.76558
0.686,2,0.0751999,2.465,3.78134,3.78134,8.75546
0.687,2,0.0250666,2.4675,3.69419,3.69419,8.74534
0.688,2,-0.0250666,2.47,3.60703,3.60703,8.73522
0.689,2,-0.0751999,2.4725,3.51988,3.51988,8.7251
0.69,2,-0.125333,2.475,3.43273,3.43273,8.71498
0.691,2,-0.173891,2.4775,3.32656,3.32656,8.64514
0.692,2,-0.22245,2.48,3.2204,3.2204,8.5753
0.693,2,-0.271008,2.4825,3.11423,3.11423,8.50547
0.694,2,-0.319566,2.485,3.00807,3.00807,8.43563
0.695,2,-0.368125,2.4875,2.90191,2.90191,8.36579
0.696,2,-0.412057,2.49,2.78325,2.78325,8.24003
0.697,2,-0.455989,2.4925,2.6646,2.6646,8.11427
0.698,2,-0.499921,2.495,2.54594,2.54594,7.98851
0.699,2,-0.543853,2.4975,2.42729,2.42729,7.86275
0.7,2,-0.587785,2.5,2.30863,2.30863,7.73699
0.701,2,-0.624331,2.5025,2.18487,2.18487,7.56268
0.702,2,-0.660876,2.505,2.0611,2.0611,7.38837
0.703,2,-0.697422,2.5075,1.93733,1.93733,7.21407
0.704,2,-0.733968,2.51,1.81357,1.81357,7.03976
0.705,2,-0.770513,2.5125,1.6898,1.6898,6.86545
0.706,2,-0.797376,2.515,1.5687,1.5687,6.65312
0.707,2,-0.824239,2.5175,1.4476,1.4476,6.4408
0.708,2,-0.851102,2.52,1.32649,1.32649,6.22847
0.709,2,-0.877964,2.5225,1.20539,1.20539,6.01614
0.71,2,-0.904827,2.525,1.08429,1.08429,5.80381
0.711,2,-0.920319,2.5275,0.97354,0.97354,5.5665
0.712,2,-0.935811,2.53,0.862789,0.862789,5.32919
0.713,2,-0.951303,2.5325,0.752038,0.752038,5.09188
0.714,2,-0.966795,2.535,0.641288,0.641288,4.85458
0.715,2,-0.982287,2.5375,0.530537,0.530537,4.61727
0.716,2,-0.985435,2.54,0.437247,0.437247,4.36973
0.717,2,-0.988583,2.5425,0.343956,0.343956,4.1222
0.718,2,-0.991731,2.545,0.250666,0.250666,3.87467
0.719,2,-0.994879,2.5475,0.157376,0.157376,3.62713
0.72,2,-0.998027,2.55,0.0640855,0.0640855,3.3796
0.721,2,-0.988633,2.5525,-0.00566928,-0.00566928,3.1374
0.722,2,-0.979239,2.555,-0.075424,-0.075424,2.89519
0.723,2,-0.969845,2.5575,-0.145179,-0.145179,2.65299
0.724,2,-0.960451,2.56,-0.214934,-0.214934,2.41078
0.725,2,-0.951057,2.5625,-0.284688,-0.284688,2.16858
0.726,2,-0.929711,2.565,-0.326261,-0.326261,1.94708
0.727,2,-0.908365,2.5675,-0.367835,-0.367835,1.72558
0.728,2,-0.887019,2.57,-0.409408,-0.409408,1.50408
0.729,2,-0.865674,2.5725,-0.450981,-0.450981,1.28258
0.73,2,-0.844328,2.575,-0.492554,-0.492554,1.06107
0.731,2,-0.812372,2.5775,-0.503037,-0.503037,0.874493
0.732,2,-0.780416,2.58,-0.51352,-0.51352,0.687913
0.733,2,-0.748459,2.5825,-0.524002,-0.524002,0.501332
0.734,2,-0.716503,2.585,-0.534485,-0.534485,0.314752
0.735,2,-0.684547,2.5875,-0.544968,-0.544968,0.128171
0.736,2,-0.643988,2.59,-0.523391,-0.523391,-0.0113386
0.737,2,-0.60343,2.5925,-0.501814,-0.501814,-0.150848
0.738,2,-0.562871,2.595,-0.480237,-0.480237,-0.290358
0.739,2,-0.522312,2.5975,-0.458659,-0.458659,-0.429867
0.74,2,-0.481754,2.6,-0.437082,-0.437082,-0.569377
0.741,2,-0.435141,2.6025,-0.384495,-0.384495,-0.652523
0.742,2,-0.388528,2.605,-0.331907,-0.331907,-0.735669
0.743,2,-0.341915,2.6075,-0.27932,-0.27932,-0.818815
0.744,2,-0.295303,2.61,-0.226732,-0.226732,-0.901962
0.745,2,-0.24869,2.6125,-0.174144,-0.174144,-0.985108
0.746,2,-0.198952,2.615,-0.0935687,-0.0935687,-1.00607
0.747,2,-0.149214,2.6175,-0.0129929,-0.0129929,-1.02704
0.748,2,-0.099476,2.62,0.0675829,0.0675829,-1.048
0.749,2,-0.049738,2.6225,0.148159,0.148159,-1.06897
0.75,2,2.69521e-14,2.625,0.228734,0.228734,-1.08994
0.751,2,0.049738,2.6275,0.332476,0.332476,-1.04678
0.752,2,0.099476,2.63,0.436217,0.436217,-1.00363
0.753,2,0.149214,2.6325,0.539958,0.539958,-0.960473
0.754,2,0.198952,2.635,0.643699,0.643699,-0.917319
0.755,2,0.24869,2.6375,0.74744,0.74744,-0.874165
0.756,2,0.295303,2.64,0.868012,0.868012,-0.768989
0.757,2,0.341915,2.6425,0.988583,0.988583,-0.663814
0.758,2,0.388528,2.645,1.10915,1.10915,-0.558639
0.759,2,0.435141,2.6475,1.22973,1.22973,-0.453464
0.76,2,0.481754,2.65,1.3503,1.3503,-0.348289
0.761,2,0.522312,2.6525,1.48024,1.48024,-0.187137
0.762,2,0.562871,2.655,1.61018,1.61018,-0.0259858
0.763,2,0.60343,2.6575,1.74012,1.74012,0.135166
0.764,2,0.643988,2.66,1.87006,1.87006,0.296317
0.765,2,0.684547,2.6625,2,2,0.457469
0.766,2,0.716503,2.665,2.13118,2.13118,0.664951
0.767,2,0.748459,2.6675,2.26237,2.26237,0.872434
0.768,2,0.780416,2.67,2.39355,2.39355,1.07992
0.769,2,0.812372,2.6725,2.52474,2.52474,1.2874
0.77,2,0.844328,2.675,2.65592,2.65592,1.49488
0.771,2,0.865674,2.6775,2.78007,2.78007,1.73602
0.772,2,0.887019,2.68,2.90421,2.90421,1.97717
0.773,2,0.908365,2.6825,3.02836,3.02836,2.21831
0.774,2,0.929711,2.685,3.1525,3.1525,2.45945
0.775,2,0.951057,2.6875,3.27665,3.27665,2.7006
0.776,2,0.960451,2.69,3.38584,3.38584,2.96048
0.777,2,0.969845,2.6925,3.49503,3.49503,3.22036
0.778,2,0.979239,2.695,3.60422,3.60422,3.48024
0.779,2,0.988633,2.6975,3.71341,3.71341,3.74012
0.78,2,0.998027,2.7,3.82261,3.82261,4
0.781,2,0.994879,2.7025,3.9098,3.9098,4.26237
0.782,2,0.991731,2.705,3.99699,3.99699,4.52474
0.783,2,0.988583,2.7075,4.08419,4.08419,4.7871
0.784,2,0.985435,2.71,4.17138,4.17138,5.04947
0.785,2,0.982287,2.7125,4.25858,4.25858,5.31184
0.786,2,0.966795,2.715,4.31805,4.31805,5.56013
0.787,2,0.951303,2.7175,4.37753,4.37753,5.80842
0.788,2,0.935811,2.72,4.43701,4.43701,6.05671
0.789,2,0.920319,2.7225,4.49649,4.49649,6.305
0.79,2,0.904827,2.725,4.55596,4.55596,6.55329
0.791,2,0.877964,2.7275,4.58371,4.58371,6.77168
0.792,2,0.851102,2.73,4.61145,4.61145,6.99006
0.793,2,0.824239,2.7325,4.63919,4.63919,7.20845
0.794,2,0.797376,2.735,4.66693,4.66693,7.42683
0.795,2,0.770513,2.7375,4.69467,4.69467,7.64521
0.796,2,0.733968,2.74,4.68863,4.68863,7.8196
0.797,2,0.697422,2.7425,4.68258,4.68258,7.99399
0.798,2,0.660876,2.745,4.67654,4.67654,8.16838
0.799,2,0.624331,2.7475,4.6705,4.6705,8.34277
0.8,2,0.587785,2.75,4.66445,4.66445,8.51715
0.801,2,0.543853,2.7525,4.62469,4.62469,8.63611
0.802,2,0.499921,2.755,4.58493,4.58493,8.75506
0.803,2,0.455989,2.7575,4.54517,4.54517,8.87402
0.804,2,0.412057,2.76,4.50541,4.50541,8.99297
0.805,2,0.368125,2.7625,4.46565,4.46565,9.11193
0.806,2,0.319566,2.765,4.39438,4.39438,9.16741
0.807,2,0.271008,2.7675,4.3231,4.3231,9.22289
0.808,2,0.22245,2.77,4.25183,4.25183,9.27838
0.809,2,0.173891,2.7725,4.18055,4.18055,9.33386
0.81,2,0.125333,2.775,4.10928,4.10928,9.38934
0.811,2,0.0751999,2.7775,4.01071,4.01071,9.37726
0.812,2,0.0250666,2.78,3.91213,3.91213,9.36517
0.813,2,-0.0250666,2.7825,3.81356,3.81356,9.35308
0.814,2,-0.0751999,2.785,3.71498,3.71498,9.341
0.815,2,-0.125333,2.7875,3.61641,3.61641,9.32891
0.816,2,-0.173891,2.79,3.49652,3.49652,9.24939
0.817,2,-0.22245,2.7925,3.37662,3.37662,9.16987
0.818,2,-0.271008,2.795,3.25673,3.25673,9.09035
0.819,2,-0.319566,2.7975,3.13684,3.13684,9.01083
0.82,2,-0.368125,2.8,3.01694,3.01694,8.93131
0.821,2,-0.412057,2.8025,2.88312,2.88312,8.78876
0.822,2,-0.455989,2.805,2.74929,2.74929,8.64621
0.823,2,-0.499921,2.8075,2.61546,2.61546,8.50366
0.824,2,-0.543853,2.81,2.48163,2.48163,8.36111
0.825,2,-0.587785,2.8125,2.3478,2.3478,8.21856
0.826,2,-0.624331,2.815,2.20837,2.20837,8.02141
0.827,2,-0.660876,2.8175,2.06893,2.06893,7.82426
0.828,2,-0.697422,2.82,1.9295,1.9295,7.62712
0.829,2,-0.733968,2.8225,1.79007,1.79007,7.42997
0.83,2,-0.770513,2.825,1.65063,1.65063,7.23282
0.831,2,-0.797376,2.8275,1.51436,1.51436,6.99303
0.832,2,-0.824239,2.83,1.37808,1.37808,6.75325
0.833,2,-0.851102,2.8325,1.2418,1.2418,6.51346
0.834,2,-0.877964,2.835,1.10553,1.10553,6.27367
0.835,2,-0.904827,2.8375,0.969251,0.969251,6.03389
0.836,2,-0.920319,2.84,0.844772,0.844772,5.76623
0.837,2,-0.935811,2.8425,0.720292,0.720292,5.49857
0.838,2,-0.951303,2.845,0.595813,0.595813,5.23091
0.839,2,-0.966795,2.8475,0.471333,0.471333,4.96326
0.84,2,-0.982287,2.85,0.346854,0.346854,4.6956
0.841,2,-0.985435,2.8525,0.242143,0.242143,4.41673
0.842,2,-0.988583,2.855,0.137432,0.137432,4.13787
0.843,2,-0.991731,2.8575,0.0327216,0.0327216,3.859
0.844,2,-0.994879,2.86,-0.0719891,-0.0719891,3.58013
0.845,2,-0.998027,2.8625,-0.1767,-0.1767,3.30127
0.846,2,-0.988633,2.865,-0.254849,-0.254849,3.02871
0.847,2,-0.979239,2.8675,-0.332999,-0.332999,2.75616
0.848,2,-0.969845,2.87,-0.411148,-0.411148,2.48361
0.849,2,-0.960451,2.8725,-0.489297,-0.489297,2.21106
0.85,2,-0.951057,2.875,-0.567447,-0.567447,1.9385
0.851,2,-0.929711,2.8775,-0.613861,-0.613861,1.68954
0.852,2,-0.908365,2.88,-0.660276,-0.660276,1.44058
0.853,2,-0.887019,2.8825,-0.70669,-0.70669,1.19163
0.854,2,-0.865674,2.885,-0.753104,-0.753104,0.942667
0.855,2,-0.844328,2.8875,-0.799519,-0.799519,0.693708
0.856,2,-0.812372,2.89,-0.810985,-0.810985,0.484286
0.857,2,-0.780416,2.8925,-0.822452,-0.822452,0.274865
0.858,2,-0.748459,2.895,-0.833918,-0.833918,0.0654433
0.859,2,-0.716503,2.8975,-0.845385,-0.845385,-0.143978
0.86,2,-0.684547,2.9,-0.856852,-0.856852,-0.3534
0.861,2,-0.643988,2.9025,-0.832339,-0.832339,-0.509699
0.862,2,-0.60343,2.905,-0.807826,-0.807826,-0.665997
0.863,2,-0.562871,2.9075,-0.783313,-0.783313,-0.822296
0.864,2,-0.522312,2.91,-0.7588,-0.7588,-0.978595
0.865,2,-0.481754,2.9125,-0.734287,-0.734287,-1.13489
0.866,2,-0.435141,2.915,-0.675029,-0.675029,-1.22772
0.867,2,-0.388528,2.9175,-0.615771,-0.615771,-1.32055
0.868,2,-0.341915,2.92,-0.556513,-0.556513,-1.41338
0.869,2,-0.295303,2.9225,-0.497255,-0.497255,-1.50621
0.87,2,-0.24869,2.925,-0.437997,-0.437997,-1.59904
0.871,2,-0.198952,2.9275,-0.347435,-0.347435,-1.62197
0.872,2,-0.149214,2.93,-0.256873,-0.256873,-1.6449
0.873,2,-0.099476,2.9325,-0.166311,-0.166311,-1.66784
0.874,2,-0.049738,2.935,-0.0757487,-0.0757487,-1.69077
0.875,2,3.38126e-14,2.9375,0.0148134,0.0148134,-1.7137
0.876,2,0.049738,2.94,0.131229,0.131229,-1.66468
0.877,2,0.099476,2.9425,0.247645,0.247645,-1.61565
0.878,2,0.149214,2.945,0.364061,0.364061,-1.56663
0.879,2,0.198952,2.9475,0.480477,0.480477,-1.5176
0.88,2,0.24869,2.95,0.596892,0.596892,-1.46857
0.881,2,0.295303,2.9525,0.73203,0.73203,-1.35006
0.882,2,0.341915,2.955,0.867168,0.867168,-1.23154
0.883,2,0.388528,2.9575,1.00231,1.00231,-1.11303
0.884,2,0.435141,2.96,1.13744,1.13744,-0.99451
0.885,2,0.481754,2.9625,1.27258,1.27258,-0.875994
0.886,2,0.522312,2.965,1.41807,1.41807,-0.69487
0.887,2,0.562871,2.9675,1.56355,1.56355,-0.513746
0.888,2,0.60343,2.97,1.70903,1.70903,-0.332621
0.889,2,0.643988,2.9725,1.85452,1.85452,-0.151497
0.89,2,0.684547,2.975,2,2,0.0296268
0.891,2,0.716503,2.9775,2.14673,2.14673,0.262458
0.892,2,0.748459,2.98,2.29345,2.29345,0.49529
0.893,2,0.780416,2.9825,2.44018,2.44018,0.728122
0.894,2,0.812372,2.985,2.58691,2.58691,0.960953
0.895,2,0.844328,2.9875,2.73364,2.73364,1.19378
0.896,2,0.865674,2.99,2.87235,2.87235,1.46406
0.897,2,0.887019,2.9925,3.01106,3.01106,1.73434
0.898,2,0.908365,2.995,3.14977,3.14977,2.00461
0.899,2,0.929711,2.9975,3.28848,3.28848,2.27489
0.9,2,0.951057,3,3.4272,3.4272,2.54516
0.901,2,0.960451,3,3.54906,3.54906,2.83613
0.902,2,0.969845,3,3.67093,3.67093,3.1271
0.903,2,0.979239,3,3.79279,3.79279,3.41807
0.904,2,0.988633,3,3.91466,3.91466,3.70903
0.905,2,0.998027,3,4.03653,4.03653,4
0.906,2,0.994879,3,4.13371,4.13371,4.29345
0.907,2,0.991731,3,4.23089,4.23089,4.58691
0.908,2,0.988583,3,4.32807,4.32807,4.88036
0.909,2,0.985435,3,4.42525,4.42525,5.17382
0.91,2,0.982287,3,4.52243,4.52243,5.46727
0.911,2,0.966795,3,4.58858,4.58858,5.74469
0.912,2,0.951303,3,4.65473,4.65473,6.02212
0.913,2,0.935811,3,4.72087,4.72087,6.29954
0.914,2,0.920319,3,4.78702,4.78702,6.57697
0.915,2,0.904827,3,4.85317,4.85317,6.85439
0.916,2,0.877964,3,4.88135,4.88135,7.09812
0.917,2,0.851102,3,4.90953,4.90953,7.34186
0.918,2,0.824239,3,4.93772,4.93772,7.58559
0.919,2,0.797376,3,4.9659,4.9659,7.82932
0.92,2,0.770513,3,4.99408,4.99408,8.07306
0.921,2,0.733968,3,4.98464,4.98464,8.26742
0.922,2,0.697422,3,4.97519,4.97519,8.46178
0.923,2,0.660876,3,4.96575,4.96575,8.65614
0.924,2,0.624331,3,4.95631,4.95631,8.8505
0.925,2,0.587785,3,4.94686,4.94686,9.04486
0.926,2,0.543853,3,4.90039,4.90039,9.17716
0.927,2,0.499921,3,4.85391,4.85391,9.30945
0.928,2,0.455989,3,4.80743,4.80743,9.44175
0.929,2,0.412057,3,4.76096,4.76096,9.57404
0.93,2,0.368125,3,4.71448,4.71448,9.70634
0.931,2,0.319566,3,4.63389,4.63389,9.7627
0.932,2,0.271008,3,4.5533,4.5533,9.81907
0.933,2,0.22245,3,4.47272,4.47272,9.87543
0.934,2,0.173891,3,4.39213,4.39213,9.9318
0.935,2,0.125333,3,4.31154,4.31154,9.98816
0.936,2,0.0751999,3,4.2019,4.2019,9.96927
0.937,2,0.0250666,3,4.09227,4.09227,9.95039
0.938,2,-0.0250666,3,3.98263,3.98263,9.9315
0.939,2,-0.0751999,3,3.87299,3.87299,9.91261
0.94,2,-0.125333,3,3.76336,3.76336,9.89372
0.941,2,-0.173891,3,3.63156,3.63156,9.80077
0.942,2,-0.22245,3,3.49976,3.49976,9.70782
0.943,2,-0.271008,3,3.36797,3.36797,9.61487
0.944,2,-0.319566,3,3.23617,3.23617,9.52191
0.945,2,-0.368125,3,3.10437,3.10437,9.42896
0.946,2,-0.412057,3,2.9587,2.9587,9.26779
0.947,2,-0.455989,3,2.81302,2.81302,9.10661
0.948,2,-0.499921,3,2.66735,2.66735,8.94543
0.949,2,-0.543853,3,2.52167,2.52167,8.78426
0.95,2,-0.587785,3,2.376,2.376,8.62308
0.951,2,-0.624331,3,2.2256,2.2256,8.40381
0.952,2,-0.660876,3,2.0752,2.0752,8.18453
0.953,2,-0.697422,3,1.9248,1.9248,7.96526
0.954,2,-0.733968,3,1.7744,1.7744,7.74599
0.955,2,-0.770513,3,1.624,1.624,7.52671
0.956,2,-0.797376,3,1.47833,1.47833,7.26312
0.957,2,-0.824239,3,1.33265,1.33265,6.99953
0.958,2,-0.851102,3,1.18698,1.18698,6.73593
0.959,2,-0.877964,3,1.0413,1.0413,6.47234
0.96,2,-0.904827,3,0.895626,0.895626,6.20875
0.961,2,-0.920319,3,0.76383,0.76383,5.9174
0.962,2,-0.935811,3,0.632034,0.632034,5.62605
0.963,2,-0.951303,3,0.500237,0.500237,5.3347
0.964,2,-0.966795,3,0.368441,0.368441,5.04335
0.965,2,-0.982287,3,0.236644,0.236644,4.752
0.966,2,-0.985435,3,0.127007,0.127007,4.4512
0.967,2,-0.988583,3,0.0173707,0.0173707,4.1504
0.968,2,-0.991731,3,-0.0922661,-0.0922661,3.8496
0.969,2,-0.994879,3,-0.201903,-0.201903,3.5488
0.97,2,-0.998027,3,-0.31154,-0.31154,3.248
0.971,2,-0.988633,3,-0.392128,-0.392128,2.95665
0.972,2,-0.979239,3,-0.472716,-0.472716,2.6653
0.973,2,-0.969845,3,-0.553305,-0.553305,2.37395
0.974,2,-0.960451,3,-0.633893,-0.633893,2.0826
0.975,2,-0.951057,3,-0.714481,-0.714481,1.79125
0.976,2,-0.929711,3,-0.760957,-0.760957,1.52766
0.977,2,-0.908365,3,-0.807433,-0.807433,1.26407
0.978,2,-0.887019,3,-0.85391,-0.85391,1.00047
0.979,2,-0.865674,3,-0.900386,-0.900386,0.736881
0.98,2,-0.844328,3,-0.946862,-0.946862,0.473288
0.981,2,-0.812372,3,-0.956305,-0.956305,0.254015
0.982,2,-0.780416,3,-0.965749,-0.965749,0.0347413
0.983,2,-0.748459,3,-0.975193,-0.975193,-0.184532
0.984,2,-0.716503,3,-0.984636,-0.984636,-0.403806
0.985,2,-0.684547,3,-0.99408,-0.99408,-0.623079
0.986,2,-0.643988,3,-0.965898,-0.965898,-0.784256
0.987,2,-0.60343,3,-0.937716,-0.937716,-0.945433
0.988,2,-0.562871,3,-0.909534,-0.909534,-1.10661
0.989,2,-0.522312,3,-0.881352,-0.881352,-1.26779
0.99,2,-0.481754,3,-0.85317,-0.85317,-1.42896
