"time","cs_adder1fmu1.y","cs_source1fmu1.y","cs_source1fmu2.y"
0,0,0,0
0,0,0,0
0,0,0,0
0,0,0,0
0,0,0,0
0,0,0,0
0,0,0,0
0,0,0,0
0,0,0,0
0.005,0,0.0299989,0.0499792
0.005,0,0.0299989,0.0499792
0.005,0,0.0299989,0.0499792
0.005,0,0.0299989,0.0499792
0.005,0,0.0299989,0.0499792
0.005,0,0.0299989,0.0499792
0.006,0,0.0359973,0.05995
0.007,0,0.0419957,0.0699209
0.008,0,0.0479942,0.0798917
0.009,0,0.0539926,0.0898626
0.01,0,0.059991,0.0998334
0.011,0,0.0659867,0.109754
0.012,0,0.0719825,0.119675
0.013,0,0.0779782,0.129596
0.014,0,0.0839739,0.139517
0.015,2.49732e-16,0.0899696,0.149438
0.016,0.0159956,0.0959613,0.159284
0.017,0.0319912,0.101953,0.169131
0.018,0.0479868,0.107945,0.178977
0.019,0.0639824,0.113936,0.188823
0.02,0.079978,0.119928,0.198669
0.021,0.0959473,0.125914,0.208416
0.022,0.111917,0.131901,0.218163
0.023,0.127886,0.137887,0.22791
0.024,0.143855,0.143873,0.237657
0.025,0.159824,0.149859,0.247404
0.026,0.175741,0.155839,0.257027
0.027,0.191658,0.161818,0.26665
0.028,0.207574,0.167798,0.276274
0.029,0.223491,0.173778,0.285897
0.03,0.239408,0.179757,0.29552
0.031,0.255246,0.185729,0.304996
0.032,0.271084,0.1917,0.314471
0.033,0.286922,0.197671,0.323947
0.034,0.302759,0.203643,0.333422
0.035,0.318597,0.209614,0.342898
0.036,0.334331,0.215576,0.352202
0.037,0.350064,0.221538,0.361506
0.038,0.365797,0.2275,0.37081
0.039,0.38153,0.233462,0.380114
0.04,0.397263,0.239424,0.389418
0.041,0.412866,0.245376,0.398528
0.042,0.428469,0.251327,0.407637
0.043,0.444072,0.257278,0.416747
0.044,0.459675,0.263229,0.425856
0.045,0.475277,0.269181,0.434966
0.046,0.490724,0.27512,0.443858
0.047,0.506171,0.281059,0.45275
0.048,0.521618,0.286998,0.461642
0.049,0.537065,0.292937,0.470534
0.05,0.552512,0.298876,0.479426
0.051,0.567778,0.304802,0.488078
0.052,0.583044,0.310728,0.49673
0.053,0.598311,0.316653,0.505383
0.054,0.613577,0.322579,0.514035
0.055,0.628843,0.328505,0.522687
0.056,0.643903,0.334416,0.531078
0.057,0.658964,0.340326,0.539469
0.058,0.674025,0.346237,0.54786
0.059,0.689085,0.352148,0.556251
0.06,0.704146,0.358059,0.564642
0.061,0.718977,0.363954,0.572751
0.062,0.733808,0.369849,0.58086
0.063,0.74864,0.375744,0.588969
0.064,0.763471,0.381638,0.597078
0.065,0.778302,0.387533,0.605186
0.066,0.79288,0.39341,0.612993
0.067,0.807458,0.399288,0.620799
0.068,0.822036,0.405165,0.628605
0.069,0.836614,0.411042,0.636411
0.07,0.851192,0.41692,0.644218
0.071,0.865494,0.422778,0.651702
0.072,0.879796,0.428637,0.659186
0.073,0.894098,0.434496,0.66667
0.074,0.9084,0.440354,0.674155
0.075,0.922702,0.446213,0.681639
0.076,0.936705,0.452051,0.688782
0.077,0.950709,0.45789,0.695926
0.078,0.964712,0.463728,0.703069
0.079,0.978716,0.469567,0.710213
0.08,0.992719,0.475405,0.717356
0.081,1.0064,0.481222,0.724141
0.082,1.02009,0.487039,0.730926
0.083,1.03377,0.492857,0.737711
0.084,1.04745,0.498674,0.744496
0.085,1.06114,0.504491,0.75128
0.086,1.07448,0.510285,0.75769
0.087,1.08782,0.51608,0.764099
0.088,1.10117,0.521874,0.770508
0.089,1.11451,0.527668,0.776918
0.09,1.12785,0.533463,0.783327
0.091,1.14083,0.539233,0.789345
0.092,1.15382,0.545004,0.795362
0.093,1.1668,0.550774,0.80138
0.094,1.17978,0.556544,0.807398
0.095,1.19276,0.562315,0.813416
0.096,1.20536,0.56806,0.819027
0.097,1.21797,0.573805,0.824638
0.098,1.23057,0.57955,0.830249
0.099,1.24317,0.585295,0.83586
0.1,1.25577,0.59104,0.841471
0.101,1.26797,0.596759,0.846661
0.102,1.28018,0.602477,0.851852
0.103,1.29238,0.608196,0.857042
0.104,1.30459,0.613914,0.862233
0.105,1.31679,0.619633,0.867423
0.106,1.32858,0.625324,0.87218
0.107,1.34037,0.631014,0.876937
0.108,1.35215,0.636705,0.881694
0.109,1.36394,0.642395,0.886451
0.11,1.37573,0.648086,0.891207
0.111,1.38709,0.653748,0.895519
0.112,1.39844,0.659409,0.89983
0.113,1.4098,0.66507,0.904141
0.114,1.42116,0.670732,0.908453
0.115,1.43251,0.676393,0.912764
0.116,1.44342,0.682024,0.916619
0.117,1.45433,0.687655,0.920474
0.118,1.46524,0.693286,0.924329
0.119,1.47615,0.698917,0.928184
0.12,1.48706,0.704548,0.932039
0.121,1.4975,0.710148,0.935428
0.122,1.50795,0.715747,0.938817
0.123,1.5184,0.721346,0.942206
0.124,1.52885,0.726946,0.945596
0.125,1.53929,0.732545,0.948985
0.126,1.54927,0.738111,0.951899
0.127,1.55924,0.743678,0.954814
0.128,1.56921,0.749244,0.957729
0.129,1.57918,0.75481,0.960643
0.13,1.58916,0.760377,0.963558
0.131,1.59864,0.765909,0.965991
0.132,1.60813,0.771441,0.968424
0.133,1.61762,0.776973,0.970857
0.134,1.6271,0.782505,0.97329
0.135,1.63659,0.788038,0.975723
0.136,1.64558,0.793534,0.977669
0.137,1.65456,0.799031,0.979614
0.138,1.66355,0.804528,0.981559
0.139,1.67254,0.810024,0.983504
0.14,1.68153,0.815521,0.98545
0.141,1.69001,0.820981,0.986902
0.142,1.69849,0.826441,0.988355
0.143,1.70697,0.831901,0.989808
0.144,1.71545,0.837361,0.99126
0.145,1.72394,0.842821,0.992713
0.146,1.7319,0.848243,0.993669
0.147,1.73987,0.853665,0.994626
0.148,1.74783,0.859087,0.995582
0.149,1.7558,0.864509,0.996539
0.15,1.76376,0.869931,0.997495
0.151,1.7712,0.875314,0.997953
0.152,1.77864,0.880697,0.99841
0.153,1.78609,0.88608,0.998868
0.154,1.79353,0.891463,0.999326
0.155,1.80097,0.896846,0.999784
0.156,1.80788,0.902188,0.999742
0.157,1.8148,0.907531,0.9997
0.158,1.82171,0.912873,0.999658
0.159,1.82862,0.918216,0.999616
0.16,1.83553,0.923558,0.999574
0.161,1.84191,0.928859,0.999032
0.162,1.84829,0.93416,0.99849
0.163,1.85467,0.939461,0.997948
0.164,1.86105,0.944762,0.997407
0.165,1.86743,0.950063,0.996865
0.166,1.87327,0.955322,0.995825
0.167,1.87911,0.96058,0.994785
0.168,1.88495,0.965838,0.993745
0.169,1.89079,0.971096,0.992705
0.17,1.89663,0.976354,0.991665
0.171,1.90193,0.981569,0.990129
0.172,1.90723,0.986783,0.988593
0.173,1.91253,0.991997,0.987057
0.174,1.91783,0.997212,0.985522
0.175,1.92313,1.00243,0.983986
0.176,1.92789,1.0076,0.981958
0.177,1.93265,1.01276,0.979931
0.178,1.93741,1.01793,0.977903
0.179,1.94217,1.0231,0.975875
0.18,1.94693,1.02827,0.973848
0.181,1.95115,1.03339,0.971333
0.182,1.95536,1.03852,0.968819
0.183,1.95958,1.04364,0.966304
0.184,1.9638,1.04876,0.96379
0.185,1.96802,1.05389,0.961275
0.186,1.9717,1.05896,0.95828
0.187,1.97538,1.06404,0.955285
0.188,1.97905,1.06911,0.95229
0.189,1.98273,1.07419,0.949295
0.19,1.98641,1.07926,0.9463
0.191,1.98955,1.08429,0.942832
0.192,1.9927,1.08932,0.939364
0.193,1.99584,1.09434,0.935896
0.194,1.99898,1.09937,0.932428
0.195,2.00212,1.1044,0.92896
0.196,2.00473,1.10938,0.925027
0.197,2.00734,1.11435,0.921095
0.198,2.00994,1.11933,0.917162
0.199,2.01255,1.12431,0.91323
0.2,2.01516,1.12928,0.909297
0.201,2.01724,1.13421,0.90491
0.202,2.01932,1.13914,0.900523
0.203,2.0214,1.14406,0.896136
0.204,2.02348,1.14899,0.891749
0.205,2.02556,1.15392,0.887362
0.206,2.02712,1.15879,0.882532
0.207,2.02868,1.16367,0.877701
0.208,2.03024,1.16854,0.872871
0.209,2.0318,1.17342,0.86804
0.21,2.03336,1.17829,0.863209
0.211,2.0344,1.18311,0.857947
0.212,2.03545,1.18793,0.852685
0.213,2.03649,1.19275,0.847423
0.214,2.03754,1.19758,0.842161
0.215,2.03858,1.2024,0.836899
0.216,2.03912,1.20716,0.831218
0.217,2.03966,1.21193,0.825538
0.218,2.0402,1.2167,0.819857
0.219,2.04074,1.22147,0.814177
0.22,2.04128,1.22623,0.808496
0.221,2.04132,1.23095,0.802412
0.222,2.04137,1.23566,0.796327
0.223,2.04141,1.24037,0.790242
0.224,2.04145,1.24508,0.784158
0.225,2.0415,1.24979,0.778073
0.226,2.04106,1.25445,0.7716
0.227,2.04062,1.25911,0.765126
0.228,2.04018,1.26376,0.758652
0.229,2.03974,1.26842,0.752179
0.23,2.0393,1.27307,0.745705
0.231,2.03838,1.27767,0.738859
0.232,2.03747,1.28227,0.732012
0.233,2.03656,1.28687,0.725166
0.234,2.03564,1.29147,0.71832
0.235,2.03473,1.29607,0.711473
0.236,2.03336,1.30061,0.704271
0.237,2.03199,1.30515,0.697069
0.238,2.03061,1.30969,0.689867
0.239,2.02924,1.31423,0.682665
0.24,2.02787,1.31877,0.675463
0.241,2.02605,1.32325,0.667923
0.242,2.02423,1.32773,0.660384
0.243,2.02241,1.33221,0.652844
0.244,2.0206,1.33669,0.645304
0.245,2.01878,1.34117,0.637765
0.246,2.01653,1.34559,0.629906
0.247,2.01428,1.35002,0.622048
0.248,2.01204,1.35444,0.614189
0.249,2.00979,1.35886,0.606331
0.25,2.00754,1.36328,0.598472
0.251,2.00488,1.36764,0.590314
0.252,2.00222,1.372,0.582157
0.253,1.99956,1.37636,0.573999
0.254,1.99689,1.38071,0.565841
0.255,1.99423,1.38507,0.557684
0.256,1.99117,1.38937,0.549247
0.257,1.98812,1.39367,0.540811
0.258,1.98506,1.39796,0.532374
0.259,1.982,1.40226,0.523938
0.26,1.97894,1.40656,0.515501
0.261,1.9755,1.41079,0.506807
0.262,1.97206,1.41503,0.498113
0.263,1.96863,1.41926,0.489419
0.264,1.96519,1.42349,0.480725
0.265,1.96175,1.42773,0.472031
0.266,1.95795,1.4319,0.4631
0.267,1.95415,1.43607,0.45417
0.268,1.95035,1.44024,0.44524
0.269,1.94656,1.4444,0.43631
0.27,1.94276,1.44857,0.42738
0.271,1.93862,1.45268,0.418236
0.272,1.93448,1.45678,0.409092
0.273,1.93034,1.46089,0.399949
0.274,1.9262,1.46499,0.390805
0.275,1.92206,1.4691,0.381661
0.276,1.9176,1.47313,0.372326
0.277,1.91314,1.47717,0.362992
0.278,1.90868,1.48121,0.353657
0.279,1.90422,1.48525,0.344323
0.28,1.89976,1.48929,0.334988
0.281,1.895,1.49326,0.325486
0.282,1.89024,1.49723,0.315984
0.283,1.88548,1.5012,0.306482
0.284,1.88071,1.50517,0.29698
0.285,1.87595,1.50914,0.287478
0.286,1.87091,1.51305,0.277832
0.287,1.86588,1.51695,0.268187
0.288,1.86084,1.52085,0.258541
0.289,1.8558,1.52475,0.248895
0.29,1.85076,1.52866,0.239249
0.291,1.84546,1.53249,0.229484
0.292,1.84016,1.53633,0.219719
0.293,1.83487,1.54016,0.209953
0.294,1.82957,1.544,0.200188
0.295,1.82427,1.54783,0.190423
0.296,1.81874,1.55159,0.180562
0.297,1.81321,1.55536,0.170702
0.298,1.80768,1.55912,0.160841
0.299,1.80215,1.56289,0.150981
0.3,1.79662,1.56665,0.14112
0.301,1.79088,1.57035,0.131189
0.302,1.78513,1.57404,0.121258
0.303,1.77939,1.57774,0.111327
0.304,1.77365,1.58143,0.101396
0.305,1.76791,1.58513,0.0914646
0.306,1.76198,1.58875,0.0814878
0.307,1.75605,1.59237,0.0715111
0.308,1.75011,1.59599,0.0615343
0.309,1.74418,1.59962,0.0515575
0.31,1.73825,1.60324,0.0415807
0.311,1.73216,1.60679,0.0315831
0.312,1.72606,1.61034,0.0215855
0.313,1.71997,1.61389,0.0115879
0.314,1.71387,1.61744,0.00159033
0.315,1.70777,1.62099,-0.00840725
0.316,1.70154,1.62447,-0.0184006
0.317,1.6953,1.62795,-0.028394
0.318,1.68906,1.63143,-0.0383874
0.319,1.68283,1.63491,-0.0483808
0.32,1.67659,1.63838,-0.0583741
0.321,1.67024,1.64179,-0.0683383
0.322,1.66388,1.64519,-0.0783025
0.323,1.65753,1.6486,-0.0882667
0.324,1.65117,1.652,-0.0982309
0.325,1.64482,1.6554,-0.108195
0.326,1.63837,1.65873,-0.118105
0.327,1.63193,1.66206,-0.128015
0.328,1.62548,1.66539,-0.137925
0.329,1.61903,1.66872,-0.147836
0.33,1.61259,1.67205,-0.157746
0.331,1.60607,1.67531,-0.167577
0.332,1.59956,1.67856,-0.177408
0.333,1.59304,1.68182,-0.187239
0.334,1.58652,1.68507,-0.197071
0.335,1.58001,1.68832,-0.206902
0.336,1.57345,1.6915,-0.21663
0.337,1.56689,1.69468,-0.226358
0.338,1.56033,1.69786,-0.236085
0.339,1.55377,1.70104,-0.245813
0.34,1.54721,1.70422,-0.255541
0.341,1.54063,1.70732,-0.265141
0.342,1.53405,1.71042,-0.274741
0.343,1.52747,1.71352,-0.284341
0.344,1.52089,1.71662,-0.293941
0.345,1.51431,1.71972,-0.303542
0.346,1.50773,1.72275,-0.31299
0.347,1.50115,1.72577,-0.322438
0.348,1.49458,1.7288,-0.331887
0.349,1.488,1.73182,-0.341335
0.35,1.48142,1.73485,-0.350783
0.351,1.47487,1.73779,-0.360056
0.352,1.46832,1.74074,-0.369329
0.353,1.46177,1.74369,-0.378602
0.354,1.45522,1.74663,-0.387875
0.355,1.44867,1.74958,-0.397148
0.356,1.44218,1.75245,-0.406223
0.357,1.43568,1.75531,-0.415297
0.358,1.42918,1.75818,-0.424372
0.359,1.42268,1.76105,-0.433446
0.36,1.41618,1.76392,-0.44252
0.361,1.40976,1.7667,-0.451374
0.362,1.40334,1.76949,-0.460227
0.363,1.39691,1.77228,-0.46908
0.364,1.39049,1.77507,-0.477933
0.365,1.38406,1.77786,-0.486787
0.366,1.37774,1.78056,-0.495397
0.367,1.37141,1.78327,-0.504006
0.368,1.36508,1.78598,-0.512616
0.369,1.35876,1.78869,-0.521226
0.37,1.35243,1.7914,-0.529836
0.371,1.34622,1.79402,-0.538181
0.372,1.34002,1.79665,-0.546526
0.373,1.33381,1.79928,-0.554871
0.374,1.3276,1.80191,-0.563216
0.375,1.3214,1.80454,-0.571561
0.376,1.31533,1.80708,-0.579621
0.377,1.30927,1.80963,-0.58768
0.378,1.3032,1.81217,-0.595739
0.379,1.29713,1.81472,-0.603799
0.38,1.29107,1.81727,-0.611858
0.381,1.28517,1.81973,-0.619611
0.382,1.27927,1.8222,-0.627365
0.383,1.27336,1.82466,-0.635118
0.384,1.26746,1.82713,-0.642872
0.385,1.26156,1.82959,-0.650625
0.386,1.25584,1.83197,-0.658053
0.387,1.25013,1.83435,-0.665482
0.388,1.24441,1.83674,-0.67291
0.389,1.23869,1.83912,-0.680338
0.39,1.23297,1.8415,-0.687766
0.391,1.22746,1.8438,-0.694851
0.392,1.22195,1.8461,-0.701935
0.393,1.21644,1.8484,-0.709019
0.394,1.21092,1.8507,-0.716104
0.395,1.20541,1.853,-0.723188
0.396,1.20012,1.85521,-0.729911
0.397,1.19483,1.85743,-0.736634
0.398,1.18954,1.85965,-0.743357
0.399,1.18425,1.86186,-0.75008
0.4,1.17896,1.86408,-0.756802
0.401,1.17392,1.86621,-0.763147
0.402,1.16887,1.86834,-0.769492
0.403,1.16383,1.87047,-0.775836
0.404,1.15878,1.87261,-0.782181
0.405,1.15374,1.87474,-0.788525
0.406,1.14895,1.87679,-0.794476
0.407,1.14417,1.87883,-0.800426
0.408,1.13938,1.88088,-0.806376
0.409,1.1346,1.88293,-0.812327
0.41,1.12981,1.88498,-0.818277
0.411,1.1253,1.88694,-0.823818
0.412,1.1208,1.8889,-0.82936
0.413,1.11629,1.89087,-0.834901
0.414,1.11178,1.89283,-0.840442
0.415,1.10728,1.89479,-0.845984
0.416,1.10306,1.89667,-0.851102
0.417,1.09885,1.89855,-0.856221
0.418,1.09464,1.90043,-0.861339
0.419,1.09043,1.9023,-0.866457
0.42,1.08621,1.90418,-0.871576
0.421,1.08231,1.90597,-0.876258
0.422,1.07841,1.90776,-0.880941
0.423,1.07451,1.90956,-0.885624
0.424,1.0706,1.91135,-0.890307
0.425,1.0667,1.91314,-0.894989
0.426,1.06312,1.91485,-0.899225
0.427,1.05954,1.91655,-0.90346
0.428,1.05597,1.91826,-0.907695
0.429,1.05239,1.91996,-0.911931
0.43,1.04881,1.92167,-0.916166
0.431,1.04557,1.92329,-0.919943
0.432,1.04233,1.92491,-0.923721
0.433,1.03909,1.92653,-0.927498
0.434,1.03585,1.92815,-0.931275
0.435,1.0326,1.92977,-0.935053
0.436,1.02971,1.9313,-0.938362
0.437,1.02682,1.93283,-0.941672
0.438,1.02393,1.93437,-0.944982
0.439,1.02104,1.9359,-0.948292
0.44,1.01815,1.93743,-0.951602
0.441,1.01562,1.93888,-0.954436
0.442,1.01309,1.94032,-0.95727
0.443,1.01056,1.94177,-0.960105
0.444,1.00803,1.94321,-0.962939
0.445,1.0055,1.94466,-0.965773
0.446,1.00335,1.94602,-0.968124
0.447,1.00119,1.94737,-0.970476
0.448,0.99903,1.94873,-0.972827
0.449,0.996873,1.95009,-0.975179
0.45,0.994715,1.95145,-0.97753
0.451,0.992937,1.95272,-0.979393
0.452,0.99116,1.95399,-0.981256
0.453,0.989383,1.95526,-0.983118
0.454,0.987605,1.95653,-0.984981
0.455,0.985828,1.9578,-0.986844
0.456,0.984439,1.95898,-0.988213
0.457,0.983051,1.96016,-0.989583
0.458,0.981662,1.96134,-0.990952
0.459,0.980273,1.96253,-0.992322
0.46,0.978884,1.96371,-0.993691
0.461,0.977891,1.9648,-0.994564
0.462,0.976897,1.96589,-0.995436
0.463,0.975904,1.96699,-0.996309
0.464,0.97491,1.96808,-0.997182
0.465,0.973917,1.96918,-0.998054
0.466,0.973324,1.97018,-0.998428
0.467,0.972731,1.97119,-0.998802
0.468,0.972139,1.97219,-0.999176
0.469,0.971546,1.9732,-0.999549
0.47,0.970953,1.9742,-0.999923
0.471,0.970766,1.97512,-0.999797
0.472,0.970578,1.97603,-0.999671
0.473,0.970391,1.97695,-0.999545
0.474,0.970204,1.97786,-0.999419
0.475,0.970016,1.97878,-0.999293
0.476,0.970237,1.97961,-0.998667
0.477,0.970458,1.98044,-0.998042
0.478,0.970679,1.98126,-0.997416
0.479,0.9709,1.98209,-0.99679
0.48,0.971121,1.98292,-0.996165
0.481,0.971752,1.98365,-0.995041
0.482,0.972383,1.98439,-0.993917
0.483,0.973014,1.98513,-0.992794
0.484,0.973646,1.98587,-0.99167
0.485,0.974277,1.98661,-0.990547
0.486,0.975319,1.98725,-0.988928
0.487,0.976361,1.9879,-0.987309
0.488,0.977404,1.98855,-0.98569
0.489,0.978446,1.9892,-0.984071
0.49,0.979488,1.98985,-0.982453
0.491,0.980941,1.99041,-0.980343
0.492,0.982394,1.99097,-0.978233
0.493,0.983847,1.99153,-0.976123
0.494,0.985299,1.99208,-0.974013
0.495,0.986752,1.99264,-0.971903
0.496,0.988614,1.99311,-0.969307
0.497,0.990475,1.99358,-0.966712
0.498,0.992337,1.99405,-0.964116
0.499,0.994198,1.99452,-0.96152
0.5,0.99606,1.99499,-0.958924
0.501,0.998327,1.99537,-0.955849
0.502,1.00059,1.99575,-0.952774
0.503,1.00286,1.99613,-0.949699
0.504,1.00513,1.99651,-0.946624
0.505,1.0074,1.99689,-0.943549
0.506,1.01006,1.99718,-0.940002
0.507,1.01273,1.99747,-0.936455
0.508,1.0154,1.99776,-0.932908
0.509,1.01807,1.99805,-0.929361
0.51,1.02074,1.99834,-0.925815
0.511,1.02381,1.99854,-0.921805
0.512,1.02687,1.99874,-0.917795
0.513,1.02994,1.99894,-0.913786
0.514,1.033,1.99913,-0.909776
0.515,1.03607,1.99933,-0.905767
0.516,1.03952,1.99944,-0.901304
0.517,1.04297,1.99955,-0.896842
0.518,1.04643,1.99966,-0.892379
0.519,1.04988,1.99977,-0.887917
0.52,1.05334,1.99988,-0.883455
0.521,1.05718,1.9999,-0.878551
0.522,1.06101,1.99992,-0.873647
0.523,1.06485,1.99994,-0.868743
0.524,1.06868,1.99996,-0.863839
0.525,1.07252,1.99998,-0.858934
0.526,1.07673,1.99991,-0.853601
0.527,1.08094,1.99984,-0.848268
0.528,1.08515,1.99977,-0.842934
0.529,1.08936,1.9997,-0.837601
0.53,1.09357,1.99963,-0.832267
0.531,1.09814,1.99947,-0.826518
0.532,1.10271,1.99931,-0.820769
0.533,1.10728,1.99915,-0.815019
0.534,1.11186,1.99899,-0.80927
0.535,1.11643,1.99883,-0.80352
0.536,1.12135,1.99858,-0.797369
0.537,1.12628,1.99833,-0.791218
0.538,1.1312,1.99808,-0.785067
0.539,1.13612,1.99783,-0.778916
0.54,1.14105,1.99758,-0.772764
0.541,1.14631,1.99724,-0.766227
0.542,1.15157,1.9969,-0.75969
0.543,1.15684,1.99656,-0.753152
0.544,1.1621,1.99622,-0.746615
0.545,1.16736,1.99588,-0.740077
0.546,1.17295,1.99545,-0.73317
0.547,1.17854,1.99502,-0.726263
0.548,1.18413,1.99459,-0.719355
0.549,1.18972,1.99416,-0.712448
0.55,1.19531,1.99373,-0.70554
0.551,1.20121,1.99321,-0.69828
0.552,1.20711,1.99269,-0.69102
0.553,1.21301,1.99217,-0.68376
0.554,1.21891,1.99165,-0.6765
0.555,1.22481,1.99113,-0.66924
0.556,1.23101,1.99052,-0.661645
0.557,1.23721,1.98991,-0.654051
0.558,1.24341,1.9893,-0.646456
0.559,1.2496,1.9887,-0.638861
0.56,1.2558,1.98809,-0.631267
0.561,1.26228,1.98739,-0.623356
0.562,1.26876,1.98669,-0.615446
0.563,1.27523,1.98599,-0.607536
0.564,1.28171,1.98529,-0.599626
0.565,1.28819,1.98459,-0.591716
0.566,1.29493,1.98381,-0.58351
0.567,1.30167,1.98302,-0.575304
0.568,1.30841,1.98223,-0.567098
0.569,1.31515,1.98144,-0.558892
0.57,1.32189,1.98065,-0.550686
0.571,1.32888,1.97978,-0.542204
0.572,1.33586,1.9789,-0.533723
0.573,1.34285,1.97802,-0.525242
0.574,1.34983,1.97715,-0.51676
0.575,1.35682,1.97627,-0.508279
0.576,1.36403,1.9753,-0.499544
0.577,1.37124,1.97434,-0.490808
0.578,1.37845,1.97337,-0.482073
0.579,1.38567,1.9724,-0.473338
0.58,1.39288,1.97144,-0.464602
0.581,1.4003,1.97038,-0.455635
0.582,1.40771,1.96933,-0.446667
0.583,1.41513,1.96827,-0.437699
0.584,1.42255,1.96722,-0.428732
0.585,1.42997,1.96616,-0.419764
0.586,1.43757,1.96502,-0.410587
0.587,1.44518,1.96388,-0.401409
0.588,1.45278,1.96274,-0.392232
0.589,1.46038,1.96159,-0.383054
0.59,1.46799,1.96045,-0.373877
0.591,1.47576,1.95922,-0.364512
0.592,1.48353,1.95799,-0.355148
0.593,1.4913,1.95675,-0.345784
0.594,1.49907,1.95552,-0.336419
0.595,1.50684,1.95429,-0.327055
0.596,1.51475,1.95297,-0.317527
0.597,1.52266,1.95165,-0.307999
0.598,1.53057,1.95033,-0.298471
0.599,1.53849,1.94901,-0.288943
0.6,1.5464,1.9477,-0.279415
0.601,1.55444,1.94629,-0.269748
0.602,1.56247,1.94488,-0.26008
0.603,1.5705,1.94347,-0.250413
0.604,1.57854,1.94207,-0.240745
0.605,1.58657,1.94066,-0.231078
0.606,1.59471,1.93917,-0.221295
0.607,1.60284,1.93767,-0.211512
0.608,1.61097,1.93618,-0.201729
0.609,1.6191,1.93468,-0.191946
0.61,1.62724,1.93319,-0.182163
0.611,1.63545,1.93161,-0.172288
0.612,1.64365,1.93003,-0.162414
0.613,1.65186,1.92844,-0.15254
0.614,1.66007,1.92686,-0.142666
0.615,1.66828,1.92528,-0.132792
0.616,1.67654,1.92361,-0.122851
0.617,1.6848,1.92195,-0.112911
0.618,1.69306,1.92028,-0.10297
0.619,1.70132,1.91861,-0.0930299
0.62,1.70958,1.91694,-0.0830894
0.621,1.71787,1.91519,-0.0731074
0.622,1.72616,1.91343,-0.0631253
0.623,1.73445,1.91168,-0.0531433
0.624,1.74274,1.90993,-0.0431613
0.625,1.75103,1.90817,-0.0331792
0.626,1.75932,1.90633,-0.0231806
0.627,1.76761,1.90449,-0.013182
0.628,1.7759,1.90265,-0.00318335
0.629,1.7842,1.90081,0.00681528
0.63,1.79249,1.89897,0.0168139
0.631,1.80076,1.89705,0.0268041
0.632,1.80904,1.89512,0.0367943
0.633,1.81731,1.89319,0.0467846
0.634,1.82558,1.89127,0.0567748
0.635,1.83385,1.88934,0.066765
0.636,1.84208,1.88733,0.0767218
0.637,1.85031,1.88532,0.0866787
0.638,1.85854,1.88331,0.0966355
0.639,1.86676,1.8813,0.106592
0.64,1.87499,1.87929,0.116549
0.641,1.88315,1.8772,0.126448
0.642,1.89131,1.8751,0.136346
0.643,1.89947,1.87301,0.146245
0.644,1.90763,1.87091,0.156144
0.645,1.91579,1.86882,0.166042
0.646,1.92385,1.86664,0.175858
0.647,1.93191,1.86446,0.185673
0.648,1.93998,1.86228,0.195489
0.649,1.94804,1.8601,0.205304
0.65,1.95611,1.85792,0.21512
0.651,1.96405,1.85566,0.224828
0.652,1.972,1.85339,0.234536
0.653,1.97995,1.85113,0.244244
0.654,1.98789,1.84887,0.253952
0.655,1.99584,1.84661,0.26366
0.656,2.00364,1.84426,0.273236
0.657,2.01145,1.84191,0.282813
0.658,2.01925,1.83957,0.292389
0.659,2.02705,1.83722,0.301965
0.66,2.03486,1.83488,0.311541
0.661,2.04249,1.83245,0.320962
0.662,2.05013,1.83002,0.330382
0.663,2.05777,1.82759,0.339803
0.664,2.0654,1.82516,0.349223
0.665,2.07304,1.82273,0.358644
0.666,2.08048,1.82022,0.367885
0.667,2.08793,1.81771,0.377126
0.668,2.09538,1.8152,0.386367
0.669,2.10282,1.81269,0.395609
0.67,2.11027,1.81018,0.40485
0.671,2.1175,1.80759,0.413889
0.672,2.12473,1.805,0.422928
0.673,2.13196,1.80241,0.431966
0.674,2.13919,1.79981,0.441005
0.675,2.14642,1.79722,0.450044
0.676,2.15341,1.79455,0.458858
0.677,2.1604,1.79188,0.467672
0.678,2.16739,1.7892,0.476486
0.679,2.17439,1.78653,0.485299
0.68,2.18138,1.78386,0.494113
0.681,2.18811,1.7811,0.50268
0.682,2.19484,1.77835,0.511247
0.683,2.20157,1.7756,0.519814
0.684,2.2083,1.77284,0.528381
0.685,2.21503,1.77009,0.536948
0.686,2.22148,1.76726,0.545246
0.687,2.22792,1.76443,0.553544
0.688,2.23437,1.76159,0.561843
0.689,2.24082,1.75876,0.570141
0.69,2.24727,1.75593,0.57844
0.691,2.25341,1.75302,0.586449
0.692,2.25955,1.7501,0.594458
0.693,2.26569,1.74719,0.602468
0.694,2.27183,1.74428,0.610477
0.695,2.27797,1.74137,0.618486
0.696,2.28378,1.73838,0.626186
0.697,2.2896,1.73539,0.633886
0.698,2.29541,1.7324,0.641586
0.699,2.30123,1.72941,0.649287
0.7,2.30704,1.72642,0.656987
0.701,2.31251,1.72335,0.664358
0.702,2.31797,1.72028,0.67173
0.703,2.32344,1.71722,0.679102
0.704,2.3289,1.71415,0.686473
0.705,2.33437,1.71108,0.693845
0.706,2.33947,1.70793,0.70087
0.707,2.34456,1.70479,0.707895
0.708,2.34966,1.70165,0.714919
0.709,2.35476,1.6985,0.721944
0.71,2.35986,1.69536,0.728969
0.711,2.36457,1.69213,0.735629
0.712,2.36928,1.68891,0.74229
0.713,2.37399,1.68569,0.74895
0.714,2.3787,1.68247,0.755611
0.715,2.38341,1.67925,0.762271
0.716,2.38771,1.67595,0.76855
0.717,2.39201,1.67266,0.77483
0.718,2.39632,1.66936,0.781109
0.719,2.40062,1.66606,0.787389
0.72,2.40492,1.66277,0.793668
0.721,2.4088,1.6594,0.79955
0.722,2.41268,1.65602,0.805433
0.723,2.41656,1.65265,0.811316
0.724,2.42044,1.64928,0.817198
0.725,2.42432,1.64591,0.823081
0.726,2.42776,1.64246,0.828552
0.727,2.4312,1.63902,0.834023
0.728,2.43464,1.63557,0.839494
0.729,2.43808,1.63213,0.844965
0.73,2.44152,1.62868,0.850437
0.731,2.4445,1.62516,0.855483
0.732,2.44749,1.62164,0.860529
0.733,2.45047,1.61813,0.865575
0.734,2.45345,1.61461,0.870621
0.735,2.45643,1.61109,0.875667
0.736,2.45895,1.6075,0.880275
0.737,2.46146,1.6039,0.884883
0.738,2.46397,1.60031,0.889492
0.739,2.46648,1.59672,0.8941
0.74,2.46899,1.59313,0.898708
0.741,2.47102,1.58947,0.902867
0.742,2.47304,1.5858,0.907026
0.743,2.47507,1.58214,0.911185
0.744,2.47709,1.57848,0.915344
0.745,2.47912,1.57482,0.919503
0.746,2.48065,1.57108,0.923203
0.747,2.48217,1.56735,0.926902
0.748,2.4837,1.56361,0.930601
0.749,2.48523,1.55988,0.934301
0.75,2.48675,1.55615,0.938
0.751,2.48777,1.55234,0.94123
0.752,2.48879,1.54854,0.944461
0.753,2.48981,1.54473,0.947691
0.754,2.49082,1.54093,0.950922
0.755,2.49184,1.53713,0.954152
0.756,2.49234,1.53325,0.956906
0.757,2.49283,1.52938,0.959659
0.758,2.49333,1.52551,0.962413
0.759,2.49382,1.52163,0.965166
0.76,2.49432,1.51776,0.96792
0.761,2.49428,1.51382,0.970189
0.762,2.49425,1.50988,0.972459
0.763,2.49422,1.50594,0.974729
0.764,2.49418,1.502,0.976998
0.765,2.49415,1.49805,0.979268
0.766,2.49357,1.49405,0.981048
0.767,2.493,1.49004,0.982828
0.768,2.49243,1.48603,0.984608
0.769,2.49185,1.48202,0.986388
0.77,2.49128,1.47801,0.988168
0.771,2.49016,1.47394,0.989454
0.772,2.48904,1.46986,0.99074
0.773,2.48792,1.46578,0.992027
0.774,2.4868,1.46171,0.993313
0.775,2.48568,1.45763,0.994599
0.776,2.48401,1.45349,0.995388
0.777,2.48234,1.44935,0.996177
0.778,2.48067,1.44521,0.996966
0.779,2.47899,1.44107,0.997754
0.78,2.47732,1.43693,0.998543
0.781,2.47509,1.43272,0.998833
0.782,2.47286,1.42852,0.999123
0.783,2.47064,1.42431,0.999413
0.784,2.46841,1.42011,0.999702
0.785,2.46618,1.4159,0.999992
0.786,2.46339,1.41163,0.999782
0.787,2.4606,1.40736,0.999572
0.788,2.45781,1.40309,0.999362
0.789,2.45502,1.39882,0.999151
0.79,2.45223,1.39456,0.998941
0.791,2.44888,1.39022,0.998232
0.792,2.44553,1.38589,0.997522
0.793,2.44218,1.38156,0.996813
0.794,2.43882,1.37723,0.996103
0.795,2.43547,1.3729,0.995394
0.796,2.43156,1.3685,0.994187
0.797,2.42764,1.36411,0.99298
0.798,2.42373,1.35971,0.991772
0.799,2.41981,1.35532,0.990565
0.8,2.41589,1.35093,0.989358
0.801,2.41141,1.34647,0.987657
0.802,2.40694,1.34202,0.985955
0.803,2.40246,1.33756,0.984253
0.804,2.39798,1.33311,0.982552
0.805,2.3935,1.32865,0.98085
0.806,2.38846,1.32414,0.978658
0.807,2.38341,1.31962,0.976466
0.808,2.37837,1.31511,0.974274
0.809,2.37333,1.3106,0.972082
0.81,2.36829,1.30608,0.96989
0.811,2.36269,1.30151,0.967213
0.812,2.35709,1.29694,0.964536
0.813,2.35149,1.29236,0.961859
0.814,2.34589,1.28779,0.959182
0.815,2.34028,1.28322,0.956506
0.816,2.33413,1.27858,0.953351
0.817,2.32797,1.27395,0.950196
0.818,2.32182,1.26932,0.947041
0.819,2.31566,1.26469,0.943886
0.82,2.3095,1.26006,0.940731
0.821,2.3028,1.25537,0.937105
0.822,2.29609,1.25069,0.93348
0.823,2.28938,1.246,0.929855
0.824,2.28268,1.24131,0.926229
0.825,2.27597,1.23662,0.922604
0.826,2.26872,1.23188,0.918518
0.827,2.26147,1.22714,0.914431
0.828,2.25422,1.22239,0.910345
0.829,2.24697,1.21765,0.906258
0.83,2.23972,1.21291,0.902172
0.831,2.23194,1.20811,0.897634
0.832,2.22415,1.20331,0.893097
0.833,2.21636,1.19851,0.888559
0.834,2.20858,1.19372,0.884022
0.835,2.20079,1.18892,0.879484
0.836,2.19248,1.18407,0.874507
0.837,2.18417,1.17922,0.86953
0.838,2.17585,1.17436,0.864553
0.839,2.16754,1.16951,0.859576
0.84,2.15923,1.16466,0.854599
0.841,2.1504,1.15976,0.849195
0.842,2.14157,1.15485,0.84379
0.843,2.13274,1.14995,0.838386
0.844,2.12391,1.14505,0.832982
0.845,2.11508,1.14014,0.827577
0.846,2.10574,1.13519,0.821759
0.847,2.09641,1.13023,0.815941
0.848,2.08707,1.12528,0.810123
0.849,2.07774,1.12032,0.804305
0.85,2.0684,1.11537,0.798487
0.851,2.05857,1.11036,0.79227
0.852,2.04875,1.10536,0.786053
0.853,2.03892,1.10035,0.779836
0.854,2.02909,1.09535,0.773618
0.855,2.01926,1.09034,0.767401
0.856,2.00895,1.08529,0.7608
0.857,1.99864,1.08023,0.7542
0.858,1.98834,1.07518,0.747599
0.859,1.97803,1.07012,0.740998
0.86,1.96772,1.06507,0.734397
0.861,1.95695,1.05997,0.727429
0.862,1.94617,1.05487,0.720461
0.863,1.9354,1.04976,0.713493
0.864,1.92463,1.04466,0.706525
0.865,1.91385,1.03956,0.699557
0.866,1.90263,1.03441,0.69224
0.867,1.89141,1.02926,0.684922
0.868,1.88019,1.02411,0.677605
0.869,1.86896,1.01896,0.670287
0.87,1.85774,1.01381,0.662969
0.871,1.84609,1.00862,0.65532
0.872,1.83443,1.00342,0.647671
0.873,1.82278,0.99823,0.640022
0.874,1.81112,0.993035,0.632373
0.875,1.79947,0.987841,0.624724
0.876,1.7874,0.982602,0.616763
0.877,1.77533,0.977362,0.608801
0.878,1.76326,0.972123,0.60084
0.879,1.75119,0.966884,0.592879
0.88,1.73912,0.961645,0.584917
0.881,1.72665,0.956363,0.576663
0.882,1.71418,0.951081,0.56841
0.883,1.70172,0.945798,0.560156
0.884,1.68925,0.940516,0.551902
0.885,1.67678,0.935233,0.543648
0.886,1.66394,0.929909,0.535123
0.887,1.6511,0.924585,0.526597
0.888,1.63825,0.91926,0.518072
0.889,1.62541,0.913936,0.509546
0.89,1.61256,0.908611,0.501021
0.891,1.59936,0.903246,0.492245
0.892,1.58616,0.897881,0.483469
0.893,1.57296,0.892515,0.474693
0.894,1.55976,0.88715,0.465917
0.895,1.54656,0.881785,0.457141
0.896,1.53303,0.87638,0.448136
0.897,1.51949,0.870975,0.439132
0.898,1.50595,0.86557,0.430127
0.899,1.49242,0.860165,0.421123
0.9,1.47888,0.85476,0.412118
0.901,1.46503,0.849316,0.402908
0.902,1.45118,0.843873,0.393697
0.903,1.43733,0.838429,0.384487
0.904,1.42348,0.832986,0.375276
0.905,1.40963,0.827542,0.366066
0.906,1.39549,0.822062,0.356672
0.907,1.38135,0.816581,0.347279
0.908,1.36721,0.8111,0.337885
0.909,1.35307,0.80562,0.328492
0.91,1.33893,0.800139,0.319098
0.911,1.32452,0.794622,0.309545
0.912,1.31011,0.789106,0.299992
0.913,1.2957,0.783589,0.290439
0.914,1.28129,0.778072,0.280886
0.915,1.26688,0.772555,0.271333
0.916,1.25222,0.767004,0.261645
0.917,1.23757,0.761452,0.251956
0.918,1.22292,0.755901,0.242267
0.919,1.20826,0.75035,0.232579
0.92,1.19361,0.744798,0.22289
0.921,1.17873,0.739213,0.21309
0.922,1.16386,0.733628,0.20329
0.923,1.14899,0.728043,0.19349
0.924,1.13411,0.722458,0.18369
0.925,1.11924,0.716873,0.173889
0.926,1.10417,0.711256,0.164002
0.927,1.0891,0.705639,0.154115
0.928,1.07403,0.700021,0.144228
0.929,1.05896,0.694404,0.134341
0.93,1.04389,0.688787,0.124454
0.931,1.02865,0.683139,0.114505
0.932,1.01341,0.67749,0.104556
0.933,0.998168,0.671842,0.0946067
0.934,0.982928,0.666194,0.0846575
0.935,0.967688,0.660546,0.0747083
0.936,0.952303,0.654868,0.0647217
0.937,0.936918,0.64919,0.0547351
0.938,0.921533,0.643512,0.0447486
0.939,0.906148,0.637834,0.034762
0.94,0.890763,0.632156,0.0247754
0.941,0.875258,0.62645,0.0147765
0.942,0.859754,0.620743,0.00477751
0.943,0.84425,0.615037,-0.00522145
0.944,0.828746,0.60933,-0.0152204
0.945,0.813241,0.603624,-0.0252194
0.946,0.797644,0.59789,-0.0352057
0.947,0.782046,0.592157,-0.0451921
0.948,0.766449,0.586423,-0.0551784
0.949,0.750851,0.58069,-0.0651648
0.95,0.735254,0.574956,-0.0751511
0.951,0.719589,0.569197,-0.0850999
0.952,0.703925,0.563437,-0.0950487
0.953,0.68826,0.557678,-0.104997
0.954,0.672596,0.551918,-0.114946
0.955,0.656931,0.546159,-0.124895
0.956,0.641226,0.540375,-0.134781
0.957,0.625521,0.534591,-0.144668
0.958,0.609815,0.528807,-0.154554
0.959,0.59411,0.523023,-0.16444
0.96,0.578405,0.517239,-0.174327
0.961,0.562685,0.511431,-0.184126
0.962,0.546965,0.505624,-0.193925
0.963,0.531245,0.499817,-0.203724
0.964,0.515525,0.49401,-0.213524
0.965,0.499805,0.488202,-0.223323
0.966,0.484097,0.482373,-0.23301
0.967,0.468388,0.476544,-0.242698
0.968,0.45268,0.470714,-0.252385
0.969,0.436972,0.464885,-0.262073
0.97,0.421264,0.459056,-0.271761
0.971,0.405593,0.453206,-0.281312
0.972,0.389923,0.447356,-0.290864
0.973,0.374253,0.441506,-0.300416
0.974,0.358582,0.435656,-0.309967
0.975,0.342912,0.429806,-0.319519
0.976,0.327305,0.423937,-0.328911
0.977,0.311699,0.418068,-0.338303
0.978,0.296092,0.412198,-0.347695
0.979,0.280486,0.406329,-0.357087
0.98,0.264879,0.40046,-0.366479
0.981,0.249363,0.394573,-0.375688
0.982,0.233846,0.388685,-0.384897
0.983,0.218329,0.382798,-0.394105
0.984,0.202812,0.376911,-0.403314
0.985,0.187295,0.371024,-0.412523
0.986,0.171894,0.36512,-0.421526
0.987,0.156492,0.359216,-0.430528
0.988,0.14109,0.353312,-0.439531
0.989,0.125689,0.347408,-0.448533
0.99,0.110287,0.341504,-0.457536
