"time","psource.tlm.q [m^3/s]","psource.tlm.p [Pa]","prv.tlm.q [m^3/s]","prv.tlm.p [Pa]"
0.0008,0.00143529,999351,-0.000413802,675149
0.0018,0.00138208,1.66749e+06,-0.000566429,1.25997e+06
0.0028,0.00133371,2.21786e+06,-0.000567819,1.84424e+06
0.0038,0.00128856,2.75778e+06,-0.000552843,2.38787e+06
0.0048,0.0012454,3.27298e+06,-0.000535225,2.91789e+06
0.0058,0.00120395,3.77258e+06,-0.000517223,3.42857e+06
0.0068,0.00116422,4.25522e+06,-0.000500209,3.92276e+06
0.0078,0.00112608,4.72222e+06,-0.000483699,4.40063e+06
0.0088,0.00108949,5.17408e+06,-0.000467924,4.86296e+06
0.0098,0.00105436,5.61143e+06,-0.000452758,5.31035e+06
0.0108,0.00102066,6.03486e+06,-0.000438213,5.74341e+06
0.0118,0.000988309,6.44492e+06,-0.000424251,6.16272e+06
0.0128,0.000957262,6.84215e+06,-0.000410852,6.56883e+06
0.0138,0.000927463,7.22707e+06,-0.000397992,6.96227e+06
0.0148,0.000898861,7.60017e+06,-0.000385648,7.34354e+06
0.0158,0.000871407,7.96193e+06,-0.000373801,7.71315e+06
0.0168,0.000845052,8.31279e+06,-0.000362428,8.07155e+06
0.0178,0.000819752,8.6532e+06,-0.00035151,8.4192e+06
0.0188,0.000795464,8.98358e+06,-0.00034103,8.75652e+06
0.0198,0.000772145,9.30432e+06,-0.000330968,9.08392e+06
0.0208,0.000749755,9.6158e+06,-0.000321307,9.40181e+06
0.0218,0.000728256,9.9184e+06,-0.000312031,9.71055e+06
0.0228,0.000707611,1.02125e+07,-0.000303124,1.00105e+07
0.0238,0.000687784,1.04983e+07,-0.000294571,1.03021e+07
0.0248,0.000668742,1.07764e+07,-0.000286356,1.05855e+07
0.0258,0.000650452,1.10468e+07,-0.000278466,1.08612e+07
0.0268,0.000632883,1.131e+07,-0.000270888,1.11294e+07
0.0278,0.000616004,1.15662e+07,-0.000263607,1.13904e+07
0.0288,0.000599788,1.18157e+07,-0.000256613,1.16446e+07
0.0298,0.000584206,1.20587e+07,-0.000249893,1.18921e+07
0.0308,0.000569231,1.22956e+07,-0.000243435,1.21332e+07
0.0318,0.00055484,1.25265e+07,-0.000237229,1.23683e+07
0.0328,0.000541006,1.27517e+07,-0.000231265,1.25974e+07
0.0338,0.000527707,1.29714e+07,-0.000225531,1.28209e+07
0.0348,0.00051492,1.31858e+07,-0.000220018,1.3039e+07
0.0358,0.000502624,1.33952e+07,-0.000214718,1.32518e+07
0.0368,0.000490798,1.35996e+07,-0.00020962,1.34596e+07
0.0378,0.000479422,1.37993e+07,-0.000204717,1.36626e+07
0.0388,0.000468478,1.39945e+07,-0.000200001,1.38609e+07
0.0398,0.000457946,1.41854e+07,-0.000195463,1.40548e+07
0.0408,0.00044781,1.4372e+07,-0.000191096,1.42444e+07
0.0418,0.000438053,1.45547e+07,-0.000186892,1.44298e+07
0.0428,0.000428658,1.47334e+07,-0.000182846,1.46112e+07
0.0438,0.000419611,1.49084e+07,-0.000178949,1.47887e+07
0.0448,0.000410896,1.50797e+07,-0.000175196,1.49626e+07
0.0458,0.000402499,1.52476e+07,-0.000171581,1.51329e+07
0.0468,0.000394407,1.54122e+07,-0.000168097,1.52998e+07
0.0478,0.000386606,1.55735e+07,-0.000164739,1.54633e+07
0.0488,0.000379084,1.57317e+07,-0.000161502,1.56237e+07
0.0498,0.00037183,1.58869e+07,-0.000158381,1.5781e+07
0.0508,0.00036483,1.60392e+07,-0.000155369,1.59353e+07
0.0518,0.000358075,1.61887e+07,-0.000152464,1.60867e+07
0.0528,0.000351553,1.63355e+07,-0.000149659,1.62354e+07
0.0538,0.000345255,1.64797e+07,-0.000146951,1.63814e+07
0.0548,0.000339171,1.66214e+07,-0.000144336,1.65248e+07
0.0558,0.000333291,1.67606e+07,-0.000141809,1.66657e+07
0.0568,0.000327607,1.68975e+07,-0.000139366,1.68042e+07
0.0578,0.000322109,1.70321e+07,-0.000137004,1.69404e+07
0.0588,0.00031679,1.71645e+07,-0.00013472,1.70743e+07
0.0598,0.000311641,1.72948e+07,-0.000132509,1.7206e+07
0.0608,0.000306655,1.7423e+07,-0.000130369,1.73356e+07
0.0618,0.000301825,1.75491e+07,-0.000128296,1.74632e+07
0.0628,0.000297144,1.76734e+07,-0.000126288,1.75887e+07
0.0638,0.000292605,1.77957e+07,-0.000124341,1.77124e+07
0.0648,0.000288202,1.79163e+07,-0.000122453,1.78342e+07
0.0658,0.000283927,1.8035e+07,-0.000120621,1.79542e+07
0.0668,0.000279777,1.8152e+07,-0.000118842,1.80724e+07
0.0678,0.000275744,1.82674e+07,-0.000117114,1.81889e+07
0.0688,0.000271824,1.83811e+07,-0.000115436,1.83037e+07
0.0698,0.000268011,1.84933e+07,-0.000113803,1.84169e+07
0.0708,0.0002643,1.86039e+07,-0.000112215,1.85286e+07
0.0718,0.000260687,1.87129e+07,-0.000110669,1.86387e+07
0.0728,0.000257166,1.88206e+07,-0.000109164,1.87473e+07
0.0738,0.000253735,1.89268e+07,-0.000107696,1.88545e+07
0.0748,0.000250387,1.90316e+07,-0.000106266,1.89603e+07
0.0758,0.00024712,1.9135e+07,-0.00010487,1.90647e+07
0.0768,0.000243929,1.92371e+07,-0.000103507,1.91677e+07
0.0778,0.000240811,1.9338e+07,-0.000102176,1.92694e+07
0.0788,0.000237762,1.94375e+07,-0.000100875,1.93698e+07
0.0798,0.000234778,1.95358e+07,-9.9602e-05,1.9469e+07
0.0808,0.000231857,1.96329e+07,-9.83565e-05,1.95669e+07
0.0818,0.000228996,1.97288e+07,-9.71368e-05,1.96636e+07
0.0828,0.000226191,1.98235e+07,-9.59416e-05,1.97591e+07
0.0838,0.000223439,1.99171e+07,-9.47696e-05,1.98535e+07
0.0848,0.000220739,2.00095e+07,-9.36197e-05,1.99467e+07
0.0858,0.000218086,2.01008e+07,-9.24907e-05,2.00388e+07
0.0868,0.000215487,2.0191e+07,-9.23428e-05,2.01294e+07
0.0878,0.000213317,2.02759e+07,-0.000103892,2.02123e+07
0.0888,0.000212577,2.03456e+07,-0.000130395,2.02768e+07
0.0898,0.00021403,2.03929e+07,-0.000165632,2.03167e+07
0.0908,0.000217878,2.04161e+07,-0.000202078,2.03319e+07
0.0918,0.000223817,2.04184e+07,-0.000233644,2.03267e+07
0.0928,0.000231216,2.04061e+07,-0.000256652,2.03084e+07
0.0938,0.000239319,2.03866e+07,-0.000269959,2.02847e+07
0.0948,0.000247414,2.03669e+07,-0.000274525,2.02624e+07
0.0958,0.000254961,2.0352e+07,-0.0002727,2.02464e+07
0.0968,0.000261647,2.03449e+07,-0.000267427,2.02391e+07
0.0978,0.000267388,2.03464e+07,-0.000261543,2.02406e+07
0.0988,0.000272287,2.03553e+07,-0.000257271,2.02494e+07
0.0998,0.000276567,2.03695e+07,-0.000255958,2.02629e+07
0.1008,0.0002805,2.03862e+07,-0.000258046,2.02784e+07
0.1018,0.000284341,2.04029e+07,-0.000263211,2.02934e+07
0.1028,0.000288288,2.04179e+07,-0.000270621,2.0306e+07
0.1038,0.000292453,2.04299e+07,-0.00027922,2.03155e+07
0.1048,0.000296871,2.04387e+07,-0.000287981,2.03216e+07
0.1058,0.000301504,2.04447e+07,-0.000296095,2.03251e+07
0.1068,0.000306273,2.04486e+07,-0.000303067,2.03267e+07
0.1078,0.00031108,2.04515e+07,-0.00030873,2.03275e+07
0.1088,0.000315832,2.04542e+07,-0.000313191,2.03284e+07
0.1098,0.000320458,2.04575e+07,-0.000316746,2.033e+07
0.1108,0.000324914,2.04616e+07,-0.000319772,2.03326e+07
0.1118,0.000329188,2.04667e+07,-0.000322637,2.03363e+07
0.1128,0.000333292,2.04728e+07,-0.000325635,2.03409e+07
0.1138,0.000337252,2.04794e+07,-0.000328946,2.03461e+07
0.1148,0.000341105,2.04863e+07,-0.000332633,2.03515e+07
0.1158,0.000344882,2.04931e+07,-0.000336661,2.03568e+07
0.1168,0.000348609,2.04997e+07,-0.000340924,2.03617e+07
0.1178,0.000352301,2.05057e+07,-0.000345288,2.03662e+07
0.1188,0.000355964,2.05113e+07,-0.000349619,2.03702e+07
0.1198,0.000359592,2.05164e+07,-0.00035381,2.03737e+07
0.1208,0.000363175,2.05212e+07,-0.000357796,2.03769e+07
0.1218,0.000366701,2.05257e+07,-0.000361551,2.038e+07
0.1228,0.000370157,2.05301e+07,-0.000365087,2.0383e+07
0.1238,0.000373534,2.05345e+07,-0.00036844,2.0386e+07
0.1248,0.000376825,2.05389e+07,-0.000371658,2.03891e+07
0.1258,0.000380029,2.05433e+07,-0.000374789,2.03923e+07
0.1268,0.000383146,2.05477e+07,-0.000377869,2.03955e+07
0.1278,0.00038618,2.05522e+07,-0.000380925,2.03987e+07
0.1288,0.000389134,2.05566e+07,-0.000383964,2.04019e+07
0.1298,0.000392014,2.05609e+07,-0.000386982,2.0405e+07
0.1308,0.000394821,2.0565e+07,-0.000389966,2.0408e+07
0.1318,0.000397559,2.0569e+07,-0.0003929,2.04109e+07
0.1328,0.000400226,2.05729e+07,-0.000395765,2.04136e+07
0.1338,0.000402824,2.05765e+07,-0.000398548,2.04162e+07
0.1348,0.000405349,2.05801e+07,-0.000401239,2.04187e+07
0.1358,0.000407801,2.05835e+07,-0.000403834,2.04212e+07
0.1368,0.000410178,2.05868e+07,-0.000406335,2.04235e+07
0.1378,0.000412478,2.059e+07,-0.000408745,2.04258e+07
0.1388,0.0004147,2.05932e+07,-0.000411072,2.0428e+07
0.1398,0.000416843,2.05962e+07,-0.000413319,2.04301e+07
0.1408,0.000418909,2.05991e+07,-0.000415493,2.04322e+07
0.1418,0.000420896,2.0602e+07,-0.000417597,2.04342e+07
0.1428,0.000422806,2.06047e+07,-0.000419631,2.04362e+07
0.1438,0.000424639,2.06073e+07,-0.000421595,2.0438e+07
0.1448,0.000426394,2.06098e+07,-0.000423488,2.04398e+07
0.1458,0.000428073,2.06122e+07,-0.000425306,2.04415e+07
0.1468,0.000429674,2.06145e+07,-0.000427048,2.04431e+07
0.1478,0.000431199,2.06167e+07,-0.000428712,2.04447e+07
0.1488,0.000432646,2.06187e+07,-0.000430296,2.04461e+07
0.1498,0.000434016,2.06206e+07,-0.0004318,2.04475e+07
0.1508,0.000435307,2.06225e+07,-0.000433223,2.04487e+07
0.1518,0.00043652,2.06242e+07,-0.000434566,2.04499e+07
0.1528,0.000437655,2.06258e+07,-0.00043583,2.04511e+07
0.1538,0.000438711,2.06273e+07,-0.000437016,2.04521e+07
0.1548,0.000439688,2.06286e+07,-0.000438123,2.04531e+07
0.1558,0.000440587,2.06299e+07,-0.000439152,2.04539e+07
0.1568,0.000441406,2.06311e+07,-0.000440104,2.04547e+07
0.1578,0.000442147,2.06321e+07,-0.000440978,2.04555e+07
0.1588,0.000442809,2.0633e+07,-0.000441775,2.04561e+07
0.1598,0.000443393,2.06338e+07,-0.000442492,2.04567e+07
0.1608,0.000443897,2.06346e+07,-0.000443131,2.04571e+07
0.1618,0.000444323,2.06351e+07,-0.000443691,2.04575e+07
0.1628,0.000444669,2.06356e+07,-0.000444172,2.04578e+07
0.1638,0.000444937,2.0636e+07,-0.000444574,2.04581e+07
0.1648,0.000445125,2.06362e+07,-0.000444896,2.04582e+07
0.1658,0.000445235,2.06364e+07,-0.000445139,2.04583e+07
0.1668,0.000445265,2.06364e+07,-0.000445302,2.04583e+07
0.1678,0.000445216,2.06363e+07,-0.000445387,2.04582e+07
0.1688,0.000445088,2.06361e+07,-0.000445392,2.0458e+07
0.1698,0.000444881,2.06358e+07,-0.000445318,2.04578e+07
0.1708,0.000444595,2.06354e+07,-0.000445165,2.04574e+07
0.1718,0.00044423,2.06348e+07,-0.000444934,2.0457e+07
0.1728,0.000443785,2.06342e+07,-0.000444623,2.04565e+07
0.1738,0.000443262,2.06334e+07,-0.000444233,2.04559e+07
0.1748,0.00044266,2.06325e+07,-0.000443765,2.04553e+07
0.1758,0.000441979,2.06315e+07,-0.000443217,2.04545e+07
0.1768,0.000441219,2.06304e+07,-0.00044259,2.04537e+07
0.1778,0.000440381,2.06292e+07,-0.000441885,2.04528e+07
0.1788,0.000439463,2.06279e+07,-0.000441101,2.04518e+07
0.1798,0.000438468,2.06264e+07,-0.000440238,2.04507e+07
0.1808,0.000437393,2.06249e+07,-0.000439296,2.04496e+07
0.1818,0.000436241,2.06232e+07,-0.000438275,2.04483e+07
0.1828,0.00043501,2.06215e+07,-0.000437177,2.0447e+07
0.1838,0.0004337,2.06196e+07,-0.000435999,2.04456e+07
0.1848,0.000432313,2.06176e+07,-0.000434744,2.04442e+07
0.1858,0.000430848,2.06155e+07,-0.00043341,2.04426e+07
0.1868,0.000429305,2.06132e+07,-0.000431999,2.0441e+07
0.1878,0.000427684,2.06109e+07,-0.000430509,2.04393e+07
0.1888,0.000425986,2.06084e+07,-0.000428942,2.04375e+07
0.1898,0.00042421,2.06059e+07,-0.000427297,2.04356e+07
0.1908,0.000422357,2.06032e+07,-0.000425574,2.04337e+07
0.1918,0.000420427,2.06005e+07,-0.000423774,2.04316e+07
0.1928,0.00041842,2.05976e+07,-0.000421897,2.04295e+07
0.1938,0.000416337,2.05946e+07,-0.000419943,2.04273e+07
0.1948,0.000414177,2.05915e+07,-0.000417912,2.04251e+07
0.1958,0.00041194,2.05883e+07,-0.000415804,2.04227e+07
0.1968,0.000409628,2.05849e+07,-0.00041362,2.04203e+07
0.1978,0.000407239,2.05815e+07,-0.000411359,2.04178e+07
0.1988,0.000404775,2.0578e+07,-0.000409023,2.04152e+07
0.1998,0.000402235,2.05743e+07,-0.000406611,2.04126e+07
0.2008,0.00039962,2.05706e+07,-0.000404122,2.04098e+07
0.2018,0.00039693,2.05667e+07,-0.000401559,2.0407e+07
0.2028,0.000394165,2.05627e+07,-0.00039892,2.04042e+07
0.2038,0.000391325,2.05587e+07,-0.000396206,2.04012e+07
0.2048,0.000388412,2.05545e+07,-0.000393418,2.03981e+07
0.2058,0.000385424,2.05502e+07,-0.000390555,2.0395e+07
0.2068,0.000382362,2.05458e+07,-0.000387618,2.03918e+07
0.2078,0.000379227,2.05413e+07,-0.000384606,2.03886e+07
0.2088,0.000376019,2.05367e+07,-0.000381521,2.03852e+07
0.2098,0.000372737,2.0532e+07,-0.000378363,2.03818e+07
0.2108,0.000369383,2.05272e+07,-0.000375131,2.03783e+07
0.2118,0.000365957,2.05223e+07,-0.000371827,2.03748e+07
0.2128,0.000362458,2.05173e+07,-0.00036845,2.03711e+07
0.2138,0.000358888,2.05121e+07,-0.000365001,2.03674e+07
0.2148,0.000355247,2.05069e+07,-0.000361479,2.03636e+07
0.2158,0.000351534,2.05016e+07,-0.000357886,2.03598e+07
0.2168,0.00034775,2.04962e+07,-0.000354222,2.03558e+07
0.2178,0.000343896,2.04906e+07,-0.000350487,2.03518e+07
0.2188,0.000339972,2.0485e+07,-0.000346681,2.03477e+07
0.2198,0.000335979,2.04793e+07,-0.000342804,2.03436e+07
0.2208,0.000331915,2.04735e+07,-0.000338858,2.03394e+07
0.2218,0.000327783,2.04676e+07,-0.000334842,2.03351e+07
0.2228,0.000323582,2.04615e+07,-0.000330757,2.03307e+07
0.2238,0.000319313,2.04554e+07,-0.000326602,2.03263e+07
0.2248,0.000314976,2.04492e+07,-0.00032238,2.03218e+07
0.2258,0.000310571,2.04429e+07,-0.000318089,2.03172e+07
0.2268,0.000306099,2.04365e+07,-0.00031373,2.03126e+07
0.2278,0.000301561,2.043e+07,-0.000309304,2.03079e+07
0.2288,0.000296956,2.04234e+07,-0.00030481,2.03031e+07
0.2298,0.000292285,2.04167e+07,-0.00030025,2.02983e+07
0.2308,0.000287549,2.04099e+07,-0.000295624,2.02934e+07
0.2318,0.000282747,2.04031e+07,-0.000290932,2.02884e+07
0.2328,0.000277881,2.03961e+07,-0.000286175,2.02833e+07
0.2338,0.000272951,2.0389e+07,-0.000281353,2.02782e+07
0.2348,0.000267957,2.03819e+07,-0.000276466,2.02731e+07
0.2358,0.000262899,2.03746e+07,-0.000271515,2.02678e+07
0.2368,0.000257779,2.03673e+07,-0.0002665,2.02625e+07
0.2378,0.000252596,2.03599e+07,-0.000261422,2.02572e+07
0.2388,0.000247351,2.03524e+07,-0.000256282,2.02517e+07
0.2398,0.000242045,2.03448e+07,-0.000251079,2.02462e+07
0.2408,0.000236677,2.03371e+07,-0.000245814,2.02407e+07
0.2418,0.000231249,2.03293e+07,-0.000240487,2.02351e+07
0.2428,0.000225761,2.03215e+07,-0.0002351,2.02294e+07
0.2438,0.000220213,2.03135e+07,-0.000229653,2.02236e+07
0.2448,0.000214607,2.03055e+07,-0.000224145,2.02178e+07
0.2458,0.000208941,2.02974e+07,-0.000218578,2.0212e+07
0.2468,0.000203217,2.02892e+07,-0.000212952,2.02061e+07
0.2478,0.000197436,2.02809e+07,-0.000207268,2.02001e+07
0.2488,0.000191598,2.02726e+07,-0.000201525,2.0194e+07
0.2498,0.000185703,2.02641e+07,-0.000195725,2.01879e+07
0.2508,0.000179752,2.02556e+07,-0.000189868,2.01818e+07
0.2518,0.000173746,2.0247e+07,-0.000183955,2.01756e+07
0.2528,0.000167684,2.02384e+07,-0.000177986,2.01693e+07
0.2538,0.000161568,2.02296e+07,-0.000171961,2.0163e+07
0.2548,0.000155399,2.02208e+07,-0.000165882,2.01566e+07
0.2558,0.000149175,2.02119e+07,-0.000159748,2.01502e+07
0.2568,0.000142899,2.02029e+07,-0.000153561,2.01437e+07
0.2578,0.000136571,2.01938e+07,-0.00014732,2.01372e+07
0.2588,0.000130191,2.01847e+07,-0.000141027,2.01306e+07
0.2598,0.00012376,2.01755e+07,-0.000134682,2.01239e+07
0.2608,0.000117279,2.01662e+07,-0.000128285,2.01172e+07
0.2618,0.000110747,2.01569e+07,-0.000121837,2.01105e+07
0.2628,0.000104166,2.01475e+07,-0.000115339,2.01037e+07
0.2638,9.75364e-05,2.0138e+07,-0.000108791,2.00968e+07
0.2648,9.08585e-05,2.01285e+07,-0.000102193,2.00899e+07
0.2658,8.41328e-05,2.01188e+07,-9.55474e-05,2.0083e+07
0.2668,7.73602e-05,2.01092e+07,-8.88535e-05,2.0076e+07
0.2678,7.05411e-05,2.00994e+07,-8.21121e-05,2.0069e+07
0.2688,6.36762e-05,2.00896e+07,-7.53239e-05,2.00619e+07
0.2698,5.67661e-05,2.00797e+07,-6.84894e-05,2.00547e+07
0.2708,4.98113e-05,2.00698e+07,-6.16092e-05,2.00476e+07
0.2718,4.28126e-05,2.00597e+07,-5.4684e-05,2.00403e+07
0.2728,3.57705e-05,2.00497e+07,-4.77144e-05,2.00331e+07
0.2738,2.86857e-05,2.00395e+07,-4.07011e-05,2.00258e+07
0.2748,2.15588e-05,2.00294e+07,-3.36445e-05,2.00184e+07
0.2758,1.43904e-05,2.00191e+07,-2.65454e-05,2.0011e+07
0.2768,7.18116e-06,2.00088e+07,-1.94043e-05,2.00036e+07
0.2778,-6.82756e-08,1.99984e+07,-1.2222e-05,1.99961e+07
0.2788,-7.35727e-06,1.9988e+07,-4.999e-06,1.99886e+07
0.2798,-1.46852e-05,1.99775e+07,2.24968e-06,1.9981e+07
0.2808,-2.19851e-05,1.99663e+07,7.07455e-06,1.99721e+07
0.2818,-2.90866e-05,1.99526e+07,1.0407e-05,1.99605e+07
0.2828,-3.59496e-05,1.99361e+07,1.34049e-05,1.99461e+07
0.2838,-4.25752e-05,1.9917e+07,1.62621e-05,1.99288e+07
0.2848,-4.8971e-05,1.98952e+07,1.90141e-05,1.99088e+07
0.2858,-5.51453e-05,1.98708e+07,2.16696e-05,1.98862e+07
0.2868,-6.11064e-05,1.98439e+07,2.42331e-05,1.98611e+07
0.2878,-6.68622e-05,1.98147e+07,2.67081e-05,1.98335e+07
0.2888,-7.24203e-05,1.97832e+07,2.90979e-05,1.98035e+07
0.2898,-7.77879e-05,1.97494e+07,3.14058e-05,1.97713e+07
0.2908,-8.2972e-05,1.97135e+07,3.36346e-05,1.97369e+07
0.2918,-8.79794e-05,1.96755e+07,3.57874e-05,1.97003e+07
0.2928,-9.28164e-05,1.96356e+07,3.78668e-05,1.96617e+07
0.2938,-9.74893e-05,1.95936e+07,3.98755e-05,1.96212e+07
0.2948,-0.000102004,1.95498e+07,4.18161e-05,1.95787e+07
0.2958,-0.000106366,1.95042e+07,4.3691e-05,1.95343e+07
0.2968,-0.000110581,1.94569e+07,4.55026e-05,1.94882e+07
0.2978,-0.000114653,1.94079e+07,4.72531e-05,1.94403e+07
0.2988,-0.000118589,1.93572e+07,4.89446e-05,1.93907e+07
0.2998,-0.000122393,1.9305e+07,5.05793e-05,1.93396e+07
0.3008,-0.000126069,1.92512e+07,5.21591e-05,1.92869e+07
0.3018,-0.000129621,1.91959e+07,5.36859e-05,1.92326e+07
0.3028,-0.000133055,1.91393e+07,5.51616e-05,1.9177e+07
0.3038,-0.000136374,1.90812e+07,5.65879e-05,1.91199e+07
0.3048,-0.000139582,1.90219e+07,5.79664e-05,1.90614e+07
0.3058,-0.000142683,1.89612e+07,5.92988e-05,1.90016e+07
0.3068,-0.000145679,1.88993e+07,6.05867e-05,1.89406e+07
0.3078,-0.000148576,1.88362e+07,6.18314e-05,1.88783e+07
0.3088,-0.000151375,1.8772e+07,6.30345e-05,1.88149e+07
0.3098,-0.000154081,1.87066e+07,6.41972e-05,1.87503e+07
0.3108,-0.000156696,1.86401e+07,6.5321e-05,1.86845e+07
0.3118,-0.000159222,1.85726e+07,6.64069e-05,1.86177e+07
0.3128,-0.000161664,1.85041e+07,6.74563e-05,1.85499e+07
0.3138,-0.000164023,1.84346e+07,6.84703e-05,1.84811e+07
0.3148,-0.000166302,1.83641e+07,6.945e-05,1.84113e+07
0.3158,-0.000168503,1.82928e+07,7.03964e-05,1.83406e+07
0.3168,-0.00017063,1.82205e+07,7.13105e-05,1.82689e+07
0.3178,-0.000172683,1.81474e+07,7.21934e-05,1.81964e+07
0.3188,-0.000174666,1.80735e+07,7.3046e-05,1.81231e+07
0.3198,-0.00017658,1.79988e+07,7.38691e-05,1.80489e+07
0.3208,-0.000178427,1.79233e+07,7.46636e-05,1.7974e+07
0.3218,-0.000180209,1.78471e+07,7.54304e-05,1.78983e+07
0.3228,-0.000181929,1.77702e+07,7.61701e-05,1.78218e+07
0.3238,-0.000183587,1.76926e+07,7.68837e-05,1.77447e+07
0.3248,-0.000185186,1.76143e+07,7.75718e-05,1.76669e+07
0.3258,-0.000186727,1.75354e+07,7.8235e-05,1.75884e+07
0.3268,-0.000188211,1.74559e+07,7.88742e-05,1.75093e+07
0.3278,-0.00018964,1.73758e+07,7.94898e-05,1.74296e+07
0.3288,-0.000191016,1.72951e+07,8.00826e-05,1.73493e+07
0.3298,-0.00019234,1.72138e+07,8.0653e-05,1.72685e+07
0.3308,-0.000193613,1.71321e+07,8.12018e-05,1.71871e+07
0.3318,-0.000194837,1.70498e+07,8.17293e-05,1.71051e+07
0.3328,-0.000196012,1.69671e+07,8.22362e-05,1.70227e+07
0.3338,-0.000197139,1.68839e+07,8.27229e-05,1.69398e+07
0.3348,-0.000198221,1.68002e+07,8.319e-05,1.68565e+07
0.3358,-0.000199258,1.67161e+07,8.36378e-05,1.67727e+07
0.3368,-0.000200251,1.66316e+07,8.40668e-05,1.66885e+07
0.3378,-0.0002012,1.65467e+07,8.44774e-05,1.66038e+07
0.3388,-0.000202108,1.64614e+07,8.48701e-05,1.65188e+07
0.3398,-0.000202974,1.63758e+07,8.52452e-05,1.64335e+07
0.3408,-0.0002038,1.62898e+07,8.56031e-05,1.63477e+07
0.3418,-0.000204587,1.62035e+07,8.59442e-05,1.62617e+07
0.3428,-0.000205334,1.61169e+07,8.62688e-05,1.61753e+07
0.3438,-0.000206044,1.60301e+07,8.65772e-05,1.60886e+07
0.3448,-0.000206717,1.59429e+07,8.68697e-05,1.60016e+07
0.3458,-0.000207353,1.58555e+07,8.71468e-05,1.59144e+07
0.3468,-0.000207954,1.57678e+07,8.74085e-05,1.58269e+07
0.3478,-0.000208519,1.56799e+07,8.76553e-05,1.57391e+07
0.3488,-0.000209049,1.55918e+07,8.78874e-05,1.56512e+07
0.3498,-0.000209546,1.55034e+07,8.8105e-05,1.5563e+07
0.3508,-0.000210009,1.54149e+07,8.83085e-05,1.54746e+07
0.3518,-0.00021044,1.53262e+07,8.8498e-05,1.5386e+07
0.3528,-0.000210838,1.52374e+07,8.86738e-05,1.52973e+07
0.3538,-0.000211205,1.51484e+07,8.8836e-05,1.52084e+07
0.3548,-0.00021154,1.50593e+07,8.8985e-05,1.51194e+07
0.3558,-0.000211844,1.497e+07,8.91209e-05,1.50302e+07
0.3568,-0.000212119,1.48806e+07,8.9244e-05,1.49409e+07
0.3578,-0.000212363,1.47912e+07,8.93543e-05,1.48515e+07
0.3588,-0.000212578,1.47016e+07,8.94522e-05,1.4762e+07
0.3598,-0.000212763,1.4612e+07,8.95377e-05,1.46725e+07
0.3608,-0.000212921,1.45223e+07,8.9611e-05,1.45828e+07
0.3618,-0.000213049,1.44326e+07,8.96723e-05,1.44931e+07
0.3628,-0.00021315,1.43428e+07,8.97218e-05,1.44034e+07
0.3638,-0.000213224,1.4253e+07,8.97596e-05,1.43136e+07
0.3648,-0.00021327,1.41632e+07,8.97859e-05,1.42238e+07
0.3658,-0.000213289,1.40734e+07,8.98008e-05,1.4134e+07
0.3668,-0.000213282,1.39836e+07,8.98044e-05,1.40442e+07
0.3678,-0.000213249,1.38938e+07,8.97969e-05,1.39544e+07
0.3688,-0.000213189,1.3804e+07,8.97784e-05,1.38646e+07
0.3698,-0.000213104,1.37143e+07,8.9749e-05,1.37749e+07
0.3708,-0.000212994,1.36247e+07,8.97089e-05,1.36852e+07
0.3718,-0.000212858,1.35351e+07,8.96581e-05,1.35956e+07
0.3728,-0.000212698,1.34455e+07,8.95968e-05,1.3506e+07
0.3738,-0.000212513,1.33561e+07,8.95251e-05,1.34165e+07
0.3748,-0.000212304,1.32667e+07,8.9443e-05,1.33271e+07
0.3758,-0.00021207,1.31775e+07,8.93508e-05,1.32378e+07
0.3768,-0.000211813,1.30883e+07,8.92485e-05,1.31485e+07
0.3778,-0.000211532,1.29993e+07,8.91361e-05,1.30594e+07
0.3788,-0.000211228,1.29104e+07,8.90138e-05,1.29705e+07
0.3798,-0.0002109,1.28217e+07,8.88817e-05,1.28816e+07
0.3808,-0.00021055,1.27331e+07,8.87399e-05,1.27929e+07
0.3818,-0.000210176,1.26447e+07,8.85884e-05,1.27044e+07
0.3828,-0.00020978,1.25564e+07,8.84274e-05,1.2616e+07
0.3838,-0.000209362,1.24683e+07,8.82569e-05,1.25278e+07
0.3848,-0.000208922,1.23804e+07,8.80769e-05,1.24398e+07
0.3858,-0.000208459,1.22927e+07,8.78877e-05,1.2352e+07
0.3868,-0.000207975,1.22053e+07,8.76892e-05,1.22644e+07
0.3878,-0.000207469,1.2118e+07,8.74816e-05,1.2177e+07
0.3888,-0.000206941,1.2031e+07,8.72648e-05,1.20898e+07
0.3898,-0.000206392,1.19441e+07,8.70391e-05,1.20028e+07
0.3908,-0.000205822,1.18576e+07,8.68044e-05,1.19161e+07
0.3918,-0.000205231,1.17713e+07,8.65608e-05,1.18296e+07
0.3928,-0.000204619,1.16852e+07,8.63084e-05,1.17434e+07
0.3938,-0.000203987,1.15995e+07,8.60473e-05,1.16575e+07
0.3948,-0.000203334,1.1514e+07,8.57775e-05,1.15718e+07
0.3958,-0.000202661,1.14287e+07,8.54991e-05,1.14864e+07
0.3968,-0.000201967,1.13438e+07,8.52121e-05,1.14013e+07
0.3978,-0.000201253,1.12592e+07,8.49167e-05,1.13165e+07
0.3988,-0.00020052,1.11749e+07,8.46128e-05,1.12319e+07
0.3998,-0.000199767,1.10909e+07,8.43006e-05,1.11478e+07
0.4008,-0.000198994,1.10073e+07,8.39801e-05,1.10639e+07
0.4018,-0.000198202,1.0924e+07,8.36514e-05,1.09804e+07
0.4028,-0.00019739,1.0841e+07,8.33145e-05,1.08972e+07
0.4038,-0.000196559,1.07584e+07,8.29695e-05,1.08143e+07
0.4048,-0.000195709,1.06762e+07,8.26164e-05,1.07318e+07
0.4058,-0.00019484,1.05943e+07,8.22553e-05,1.06497e+07
0.4068,-0.000193953,1.05128e+07,8.18864e-05,1.05679e+07
0.4078,-0.000193047,1.04317e+07,8.15095e-05,1.04866e+07
0.4088,-0.000192122,1.03509e+07,8.11248e-05,1.04056e+07
0.4098,-0.000191179,1.02706e+07,8.07324e-05,1.0325e+07
0.4108,-0.000190218,1.01907e+07,8.03322e-05,1.02448e+07
0.4118,-0.000189239,1.01112e+07,7.99244e-05,1.0165e+07
0.4128,-0.000188242,1.00321e+07,7.95091e-05,1.00856e+07
0.4138,-0.000187227,9.95345e+06,7.90861e-05,1.00067e+07
0.4148,-0.000186194,9.87523e+06,7.86558e-05,9.92819e+06
0.4158,-0.000185144,9.79747e+06,7.82179e-05,9.85013e+06
0.4168,-0.000184076,9.72016e+06,7.77728e-05,9.77251e+06
0.4178,-0.000182991,9.6433e+06,7.73203e-05,9.69535e+06
0.4188,-0.000181889,9.56692e+06,7.68606e-05,9.61865e+06
0.4198,-0.00018077,9.491e+06,7.63937e-05,9.54243e+06
0.4208,-0.000179634,9.41557e+06,7.59196e-05,9.46667e+06
0.4218,-0.000178481,9.34063e+06,7.54385e-05,9.3914e+06
0.4228,-0.000177312,9.26618e+06,7.49503e-05,9.31663e+06
0.4238,-0.000176126,9.19224e+06,7.44552e-05,9.24235e+06
0.4248,-0.000174924,9.11881e+06,7.39531e-05,9.16857e+06
0.4258,-0.000173706,9.04589e+06,7.34442e-05,9.0953e+06
0.4268,-0.000172472,8.97349e+06,7.29285e-05,9.02256e+06
0.4278,-0.000171222,8.90162e+06,7.24061e-05,8.95034e+06
0.4288,-0.000169955,8.83029e+06,7.1877e-05,8.87864e+06
0.4298,-0.000168674,8.7595e+06,7.13412e-05,8.80749e+06
0.4308,-0.000167377,8.68926e+06,7.07989e-05,8.73688e+06
0.4318,-0.000166064,8.61958e+06,7.02501e-05,8.66683e+06
0.4328,-0.000164736,8.55046e+06,6.96948e-05,8.59733e+06
0.4338,-0.000163393,8.4819e+06,6.91331e-05,8.52839e+06
0.4348,-0.000162035,8.41392e+06,6.85651e-05,8.46003e+06
0.4358,-0.000160662,8.34652e+06,6.79908e-05,8.39224e+06
0.4368,-0.000159275,8.27971e+06,6.74103e-05,8.32503e+06
0.4378,-0.000157873,8.21349e+06,6.68237e-05,8.25842e+06
0.4388,-0.000156456,8.14787e+06,6.62309e-05,8.1924e+06
0.4398,-0.000155026,8.08286e+06,6.56321e-05,8.12697e+06
0.4408,-0.000153581,8.01845e+06,6.50272e-05,8.06216e+06
0.4418,-0.000152122,7.95467e+06,6.44165e-05,7.99796e+06
0.4428,-0.00015065,7.8915e+06,6.37999e-05,7.93438e+06
0.4438,-0.000149163,7.82896e+06,6.31775e-05,7.87142e+06
0.4448,-0.000147663,7.76706e+06,6.25494e-05,7.80909e+06
0.4458,-0.00014615,7.7058e+06,6.19156e-05,7.7474e+06
0.4468,-0.000144623,7.64518e+06,6.12761e-05,7.68635e+06
0.4478,-0.000143084,7.58522e+06,6.06311e-05,7.62594e+06
0.4488,-0.000141531,7.52591e+06,5.99807e-05,7.56619e+06
0.4498,-0.000139966,7.46726e+06,5.93247e-05,7.5071e+06
0.4508,-0.000138388,7.40927e+06,5.86634e-05,7.44867e+06
0.4518,-0.000136797,7.35196e+06,5.79968e-05,7.39091e+06
0.4528,-0.000135194,7.29533e+06,5.7325e-05,7.33382e+06
0.4538,-0.000133579,7.23938e+06,5.66479e-05,7.27741e+06
0.4548,-0.000131951,7.18412e+06,5.59658e-05,7.22168e+06
0.4558,-0.000130312,7.12955e+06,5.52786e-05,7.16665e+06
0.4568,-0.000128661,7.07567e+06,5.45864e-05,7.11231e+06
0.4578,-0.000126999,7.0225e+06,5.38893e-05,7.05866e+06
0.4588,-0.000125325,6.97004e+06,5.31873e-05,7.00572e+06
0.4598,-0.000123639,6.91828e+06,5.24805e-05,6.95349e+06
0.4608,-0.000121943,6.86725e+06,5.1769e-05,6.90197e+06
0.4618,-0.000120236,6.81693e+06,5.10529e-05,6.85117e+06
0.4628,-0.000118517,6.76734e+06,5.03321e-05,6.80109e+06
0.4638,-0.000116788,6.71848e+06,4.96068e-05,6.75174e+06
0.4648,-0.000115049,6.67035e+06,4.88771e-05,6.70312e+06
0.4658,-0.000113299,6.62297e+06,4.81429e-05,6.65524e+06
0.4668,-0.000111539,6.57632e+06,4.74045e-05,6.60809e+06
0.4678,-0.000109769,6.53043e+06,4.66617e-05,6.5617e+06
0.4688,-0.000107989,6.48528e+06,4.59148e-05,6.51604e+06
0.4698,-0.0001062,6.44089e+06,4.51637e-05,6.47114e+06
0.4708,-0.000104401,6.39726e+06,4.44086e-05,6.427e+06
0.4718,-0.000102592,6.35439e+06,4.36495e-05,6.38362e+06
0.4728,-0.000100775,6.31229e+06,4.28865e-05,6.341e+06
0.4738,-9.89481e-05,6.27096e+06,4.21196e-05,6.29915e+06
0.4748,-9.71125e-05,6.2304e+06,4.1349e-05,6.25808e+06
0.4758,-9.52683e-05,6.19062e+06,4.05746e-05,6.21778e+06
0.4768,-9.34154e-05,6.15163e+06,3.97966e-05,6.17825e+06
0.4778,-9.15542e-05,6.11342e+06,3.90151e-05,6.13951e+06
0.4788,-8.96848e-05,6.076e+06,3.823e-05,6.10156e+06
0.4798,-8.78074e-05,6.03937e+06,3.74415e-05,6.0644e+06
0.4808,-8.59221e-05,6.00353e+06,3.66497e-05,6.02803e+06
0.4818,-8.40291e-05,5.96849e+06,3.58546e-05,5.99245e+06
0.4828,-8.21286e-05,5.93426e+06,3.50562e-05,5.95768e+06
0.4838,-8.02207e-05,5.90083e+06,3.42548e-05,5.92371e+06
0.4848,-7.83056e-05,5.86821e+06,3.34502e-05,5.89054e+06
0.4858,-7.63835e-05,5.83639e+06,3.26427e-05,5.85818e+06
0.4868,-7.44546e-05,5.8054e+06,3.18322e-05,5.82663e+06
0.4878,-7.2519e-05,5.77521e+06,3.10189e-05,5.7959e+06
0.4888,-7.0577e-05,5.74585e+06,3.02028e-05,5.76599e+06
0.4898,-6.86286e-05,5.71731e+06,2.9384e-05,5.73689e+06
0.4908,-6.66741e-05,5.68959e+06,2.85626e-05,5.70862e+06
0.4918,-6.47136e-05,5.6627e+06,2.77386e-05,5.68117e+06
0.4928,-6.27473e-05,5.63664e+06,2.69122e-05,5.65455e+06
0.4938,-6.07754e-05,5.61141e+06,2.60833e-05,5.62876e+06
0.4948,-5.87981e-05,5.58701e+06,2.52521e-05,5.6038e+06
0.4958,-5.68155e-05,5.56345e+06,2.44187e-05,5.57968e+06
0.4968,-5.48278e-05,5.54072e+06,2.3583e-05,5.55639e+06
0.4978,-5.28352e-05,5.51884e+06,2.27453e-05,5.53394e+06
0.4988,-5.08379e-05,5.4978e+06,2.19055e-05,5.51233e+06
0.4998,-4.88361e-05,5.4776e+06,2.10637e-05,5.49156e+06
0.5008,-4.68298e-05,5.45825e+06,2.02201e-05,5.47164e+06
0.5018,-4.48194e-05,5.43974e+06,1.93747e-05,5.45256e+06
0.5028,-4.2805e-05,5.42209e+06,1.85275e-05,5.43433e+06
0.5038,-4.07868e-05,5.40528e+06,1.76787e-05,5.41695e+06
0.5048,-3.87649e-05,5.38933e+06,1.68283e-05,5.40043e+06
0.5058,-3.67395e-05,5.37423e+06,1.59764e-05,5.38475e+06
0.5068,-3.47109e-05,5.35998e+06,1.5123e-05,5.36993e+06
0.5078,-3.26791e-05,5.34659e+06,1.42683e-05,5.35596e+06
0.5088,-3.06445e-05,5.33406e+06,1.34124e-05,5.34285e+06
0.5098,-2.8607e-05,5.32239e+06,1.25552e-05,5.3306e+06
0.5108,-2.65671e-05,5.31157e+06,1.16969e-05,5.3192e+06
0.5118,-2.45247e-05,5.30162e+06,1.08376e-05,5.30867e+06
0.5128,-2.24802e-05,5.29252e+06,9.97725e-06,5.299e+06
0.5138,-2.04336e-05,5.28429e+06,9.11605e-06,5.29018e+06
0.5148,-1.83852e-05,5.27693e+06,8.25402e-06,5.28223e+06
0.5158,-1.63351e-05,5.27042e+06,7.39126e-06,5.27515e+06
0.5168,-1.42836e-05,5.26478e+06,6.52784e-06,5.26892e+06
0.5178,-1.22308e-05,5.26001e+06,5.66382e-06,5.26356e+06
0.5188,-1.01769e-05,5.2561e+06,4.7993e-06,5.25907e+06
0.5198,-8.12212e-06,5.25305e+06,3.93435e-06,5.25544e+06
0.5208,-6.06657e-06,5.25087e+06,3.06904e-06,5.25268e+06
0.5218,-4.01047e-06,5.24956e+06,2.20346e-06,5.25078e+06
0.5228,-1.954e-06,5.24911e+06,1.33767e-06,5.24975e+06
0.5238,1.02653e-07,5.24953e+06,4.71757e-07,5.24958e+06
0.5248,2.15931e-06,5.25081e+06,-3.942e-07,5.25028e+06
0.5258,4.21578e-06,5.25296e+06,-1.26013e-06,5.25185e+06
0.5268,6.2719e-06,5.25598e+06,-2.12595e-06,5.25428e+06
0.5278,8.32746e-06,5.25986e+06,-2.99158e-06,5.25757e+06
0.5288,1.03823e-05,5.2646e+06,-3.85695e-06,5.26174e+06
0.5298,1.24362e-05,5.27022e+06,-4.72199e-06,5.26676e+06
0.5308,1.4489e-05,5.27669e+06,-5.58661e-06,5.27266e+06
0.5318,1.65406e-05,5.28403e+06,-6.45073e-06,5.27941e+06
0.5328,1.85907e-05,5.29223e+06,-7.31429e-06,5.28703e+06
0.5338,2.06391e-05,5.30129e+06,-8.1772e-06,5.29551e+06
0.5348,2.26857e-05,5.31122e+06,-9.03939e-06,5.30486e+06
0.5358,2.47303e-05,5.32201e+06,-9.90077e-06,5.31506e+06
0.5368,2.67727e-05,5.33365e+06,-1.07613e-05,5.32612e+06
0.5378,2.88128e-05,5.34616e+06,-1.16208e-05,5.33805e+06
0.5388,3.08503e-05,5.35952e+06,-1.24794e-05,5.35083e+06
0.5398,3.2885e-05,5.37373e+06,-1.33368e-05,5.36447e+06
0.5408,3.49169e-05,5.38881e+06,-1.4193e-05,5.37897e+06
0.5418,3.69456e-05,5.40473e+06,-1.5048e-05,5.39432e+06
0.5428,3.89711e-05,5.42151e+06,-1.59017e-05,5.41052e+06
0.5438,4.09931e-05,5.43914e+06,-1.67539e-05,5.42757e+06
0.5448,4.30115e-05,5.45762e+06,-1.76046e-05,5.44548e+06
0.5458,4.5026e-05,5.47695e+06,-1.84538e-05,5.46423e+06
0.5468,4.70366e-05,5.49712e+06,-1.93014e-05,5.48383e+06
0.5478,4.9043e-05,5.51813e+06,-2.01472e-05,5.50428e+06
0.5488,5.1045e-05,5.53999e+06,-2.09913e-05,5.52557e+06
0.5498,5.30425e-05,5.56269e+06,-2.18335e-05,5.5477e+06
0.5508,5.50353e-05,5.58623e+06,-2.26737e-05,5.57067e+06
0.5518,5.70233e-05,5.6106e+06,-2.3512e-05,5.59447e+06
0.5528,5.90061e-05,5.63581e+06,-2.43481e-05,5.61912e+06
0.5538,6.09837e-05,5.66185e+06,-2.51821e-05,5.64459e+06
0.5548,6.29559e-05,5.68871e+06,-2.60138e-05,5.6709e+06
0.5558,6.49225e-05,5.71641e+06,-2.68433e-05,5.69804e+06
0.5568,6.68834e-05,5.74493e+06,-2.76704e-05,5.726e+06
0.5578,6.88383e-05,5.77427e+06,-2.8495e-05,5.75479e+06
0.5588,7.07871e-05,5.80443e+06,-2.9317e-05,5.78439e+06
0.5598,7.27296e-05,5.83541e+06,-3.01365e-05,5.81482e+06
0.5608,7.46657e-05,5.8672e+06,-3.09533e-05,5.84606e+06
0.5618,7.65951e-05,5.89981e+06,-3.17673e-05,5.87811e+06
0.5628,7.85177e-05,5.93322e+06,-3.25786e-05,5.91098e+06
0.5638,8.04334e-05,5.96743e+06,-3.33869e-05,5.94465e+06
0.5648,8.23419e-05,6.00245e+06,-3.41923e-05,5.97913e+06
0.5658,8.42431e-05,6.03827e+06,-3.49946e-05,6.01441e+06
0.5668,8.61368e-05,6.07489e+06,-3.57938e-05,6.05048e+06
0.5678,8.80229e-05,6.11229e+06,-3.65899e-05,6.08735e+06
0.5688,8.99011e-05,6.15049e+06,-3.73827e-05,6.12501e+06
0.5698,9.17714e-05,6.18947e+06,-3.81722e-05,6.16347e+06
0.5708,9.36335e-05,6.22924e+06,-3.89582e-05,6.2027e+06
0.5718,9.54873e-05,6.26978e+06,-3.97409e-05,6.24272e+06
0.5728,9.73326e-05,6.3111e+06,-4.052e-05,6.28351e+06
0.5738,9.91693e-05,6.35319e+06,-4.12955e-05,6.32508e+06
0.5748,0.000100997,6.39605e+06,-4.20673e-05,6.36742e+06
0.5758,0.000102816,6.43968e+06,-4.28354e-05,6.41053e+06
0.5768,0.000104626,6.48406e+06,-4.35997e-05,6.4544e+06
0.5778,0.000106426,6.5292e+06,-4.43601e-05,6.49903e+06
0.5788,0.000108217,6.57509e+06,-4.51166e-05,6.54441e+06
0.5798,0.000109999,6.62174e+06,-4.58691e-05,6.59054e+06
0.5808,0.00011177,6.66912e+06,-4.66175e-05,6.63743e+06
0.5818,0.000113532,6.71725e+06,-4.73617e-05,6.68505e+06
0.5828,0.000115284,6.76611e+06,-4.81018e-05,6.73341e+06
0.5838,0.000117025,6.8157e+06,-4.88376e-05,6.78251e+06
0.5848,0.000118756,6.86602e+06,-4.9569e-05,6.83234e+06
0.5858,0.000120477,6.91706e+06,-5.0296e-05,6.88289e+06
0.5868,0.000122186,6.96882e+06,-5.10186e-05,6.93416e+06
0.5878,0.000123885,7.0213e+06,-5.17367e-05,6.98615e+06
0.5888,0.000125573,7.07448e+06,-5.24501e-05,7.03886e+06
0.5898,0.00012725,7.12836e+06,-5.31589e-05,7.09227e+06
0.5908,0.000128915,7.18295e+06,-5.3863e-05,7.14638e+06
0.5918,0.000130569,7.23823e+06,-5.45622e-05,7.20119e+06
0.5928,0.000132212,7.2942e+06,-5.52567e-05,7.25669e+06
0.5938,0.000133842,7.35085e+06,-5.59462e-05,7.31288e+06
0.5948,0.000135461,7.40818e+06,-5.66308e-05,7.36975e+06
0.5958,0.000137068,7.46619e+06,-5.73103e-05,7.4273e+06
0.5968,0.000138662,7.52487e+06,-5.79847e-05,7.48552e+06
0.5978,0.000140245,7.58421e+06,-5.8654e-05,7.54441e+06
0.5988,0.000141814,7.64421e+06,-5.93181e-05,7.60397e+06
0.5998,0.000143372,7.70486e+06,-5.99769e-05,7.66418e+06
0.6008,0.000144916,7.76616e+06,-6.06304e-05,7.72504e+06
0.6018,0.000146448,7.8281e+06,-6.12785e-05,7.78654e+06
0.6028,0.000147966,7.89068e+06,-6.19211e-05,7.84869e+06
0.6038,0.000149472,7.9539e+06,-6.25583e-05,7.91148e+06
0.6048,0.000150964,8.01773e+06,-6.31899e-05,7.97489e+06
0.6058,0.000152443,8.08219e+06,-6.38159e-05,8.03892e+06
0.6068,0.000153908,8.14726e+06,-6.44362e-05,8.10358e+06
0.6078,0.000155359,8.21294e+06,-6.50508e-05,8.16885e+06
0.6088,0.000156797,8.27923e+06,-6.56596e-05,8.23472e+06
0.6098,0.000158221,8.34611e+06,-6.62626e-05,8.3012e+06
0.6108,0.000159631,8.41358e+06,-6.68597e-05,8.36827e+06
0.6118,0.000161026,8.48164e+06,-6.74508e-05,8.43593e+06
0.6128,0.000162407,8.55027e+06,-6.8036e-05,8.50417e+06
0.6138,0.000163774,8.61948e+06,-6.86151e-05,8.57299e+06
0.6148,0.000165127,8.68926e+06,-6.91882e-05,8.64238e+06
0.6158,0.000166464,8.75959e+06,-6.9755e-05,8.71234e+06
0.6168,0.000167787,8.83048e+06,-7.03157e-05,8.78285e+06
0.6178,0.000169095,8.90192e+06,-7.08702e-05,8.85392e+06
0.6188,0.000170388,8.9739e+06,-7.14183e-05,8.92553e+06
0.6198,0.000171666,9.04642e+06,-7.19601e-05,8.99768e+06
0.6208,0.000172928,9.11946e+06,-7.24955e-05,9.07036e+06
0.6218,0.000174175,9.19303e+06,-7.30245e-05,9.14357e+06
0.6228,0.000175407,9.26711e+06,-7.3547e-05,9.21731e+06
0.6238,0.000176623,9.3417e+06,-7.40629e-05,9.29155e+06
0.6248,0.000177824,9.41679e+06,-7.45723e-05,9.3663e+06
0.6258,0.000179008,9.49238e+06,-7.50751e-05,9.44156e+06
0.6268,0.000180177,9.56846e+06,-7.55711e-05,9.5173e+06
0.6278,0.00018133,9.64503e+06,-7.60605e-05,9.59354e+06
0.6288,0.000182466,9.72206e+06,-7.65431e-05,9.67025e+06
0.6298,0.000183587,9.79957e+06,-7.70189e-05,9.74744e+06
0.6308,0.000184691,9.87754e+06,-7.74879e-05,9.82509e+06
0.6318,0.000185779,9.95596e+06,-7.795e-05,9.9032e+06
0.6328,0.00018685,1.00348e+07,-7.84052e-05,9.98177e+06
0.6338,0.000187905,1.01141e+07,-7.88534e-05,1.00608e+07
0.6348,0.000188942,1.01939e+07,-7.92946e-05,1.01402e+07
0.6358,0.000189964,1.02741e+07,-7.97287e-05,1.02201e+07
0.6368,0.000190968,1.03547e+07,-8.01558e-05,1.03004e+07
0.6378,0.000191955,1.04357e+07,-8.05757e-05,1.03811e+07
0.6388,0.000192925,1.05171e+07,-8.09885e-05,1.04623e+07
0.6398,0.000193879,1.05989e+07,-8.13941e-05,1.05438e+07
0.6408,0.000194814,1.06811e+07,-8.17925e-05,1.06257e+07
0.6418,0.000195733,1.07637e+07,-8.21836e-05,1.07081e+07
0.6428,0.000196634,1.08466e+07,-8.25674e-05,1.07908e+07
0.6438,0.000197518,1.093e+07,-8.29439e-05,1.08739e+07
0.6448,0.000198384,1.10136e+07,-8.3313e-05,1.09573e+07
0.6458,0.000199233,1.10977e+07,-8.36747e-05,1.10411e+07
0.6468,0.000200064,1.11821e+07,-8.4029e-05,1.11253e+07
0.6478,0.000200877,1.12668e+07,-8.43758e-05,1.12097e+07
0.6488,0.000201672,1.13519e+07,-8.47151e-05,1.12946e+07
0.6498,0.000202449,1.14373e+07,-8.50469e-05,1.13797e+07
0.6508,0.000203209,1.1523e+07,-8.53711e-05,1.14652e+07
0.6518,0.00020395,1.1609e+07,-8.56878e-05,1.1551e+07
0.6528,0.000204673,1.16953e+07,-8.59968e-05,1.16371e+07
0.6538,0.000205378,1.17819e+07,-8.62982e-05,1.17235e+07
0.6548,0.000206065,1.18688e+07,-8.6592e-05,1.18102e+07
0.6558,0.000206733,1.19559e+07,-8.6878e-05,1.18972e+07
0.6568,0.000207384,1.20434e+07,-8.71563e-05,1.19845e+07
0.6578,0.000208015,1.21311e+07,-8.74269e-05,1.2072e+07
0.6588,0.000208628,1.2219e+07,-8.76897e-05,1.21598e+07
0.6598,0.000209223,1.23073e+07,-8.79448e-05,1.22478e+07
0.6608,0.000209799,1.23957e+07,-8.8192e-05,1.23361e+07
0.6618,0.000210357,1.24844e+07,-8.84314e-05,1.24246e+07
0.6628,0.000210895,1.25733e+07,-8.86629e-05,1.25134e+07
0.6638,0.000211415,1.26624e+07,-8.88866e-05,1.26023e+07
0.6648,0.000211917,1.27517e+07,-8.91023e-05,1.26915e+07
0.6658,0.000212399,1.28412e+07,-8.93102e-05,1.27809e+07
0.6668,0.000212863,1.29309e+07,-8.95101e-05,1.28705e+07
0.6678,0.000213307,1.30208e+07,-8.9702e-05,1.29602e+07
0.6688,0.000213733,1.31109e+07,-8.9886e-05,1.30502e+07
0.6698,0.00021414,1.32012e+07,-9.0062e-05,1.31403e+07
0.6708,0.000214528,1.32916e+07,-9.023e-05,1.32306e+07
0.6718,0.000214896,1.33821e+07,-9.039e-05,1.3321e+07
0.6728,0.000215246,1.34728e+07,-9.0542e-05,1.34116e+07
0.6738,0.000215576,1.35636e+07,-9.06859e-05,1.35024e+07
0.6748,0.000215888,1.36546e+07,-9.08218e-05,1.35932e+07
0.6758,0.00021618,1.37457e+07,-9.09496e-05,1.36842e+07
0.6768,0.000216453,1.38369e+07,-9.10693e-05,1.37754e+07
0.6778,0.000216706,1.39282e+07,-9.1181e-05,1.38666e+07
0.6788,0.000216941,1.40195e+07,-9.12845e-05,1.39579e+07
0.6798,0.000217156,1.4111e+07,-9.13799e-05,1.40493e+07
0.6808,0.000217352,1.42026e+07,-9.14672e-05,1.41408e+07
0.6818,0.000217528,1.42942e+07,-9.15464e-05,1.42324e+07
0.6828,0.000217686,1.43859e+07,-9.16175e-05,1.4324e+07
0.6838,0.000217824,1.44776e+07,-9.16804e-05,1.44157e+07
0.6848,0.000217942,1.45694e+07,-9.17351e-05,1.45075e+07
0.6858,0.000218041,1.46612e+07,-9.17818e-05,1.45993e+07
0.6868,0.000218121,1.47531e+07,-9.18202e-05,1.46911e+07
0.6878,0.000218182,1.4845e+07,-9.18506e-05,1.4783e+07
0.6888,0.000218223,1.49369e+07,-9.18727e-05,1.48749e+07
0.6898,0.000218244,1.50288e+07,-9.18867e-05,1.49668e+07
0.6908,0.000218247,1.51207e+07,-9.18925e-05,1.50586e+07
0.6918,0.00021823,1.52126e+07,-9.18902e-05,1.51505e+07
0.6928,0.000218193,1.53044e+07,-9.18797e-05,1.52424e+07
0.6938,0.000218137,1.53963e+07,-9.18611e-05,1.53343e+07
0.6948,0.000218062,1.54881e+07,-9.18342e-05,1.54261e+07
0.6958,0.000217968,1.55798e+07,-9.17993e-05,1.55179e+07
0.6968,0.000217854,1.56715e+07,-9.17562e-05,1.56096e+07
0.6978,0.00021772,1.57632e+07,-9.17049e-05,1.57013e+07
0.6988,0.000217568,1.58548e+07,-9.16455e-05,1.57929e+07
0.6998,0.000217396,1.59463e+07,-9.15779e-05,1.58845e+07
0.7008,0.000217205,1.60377e+07,-9.15022e-05,1.5976e+07
0.7018,0.000216994,1.6129e+07,-9.14184e-05,1.60674e+07
0.7028,0.000216764,1.62203e+07,-9.13264e-05,1.61586e+07
0.7038,0.000216515,1.63114e+07,-9.12264e-05,1.62498e+07
0.7048,0.000216247,1.64024e+07,-9.11182e-05,1.63409e+07
0.7058,0.000215959,1.64933e+07,-9.1002e-05,1.64319e+07
0.7068,0.000215653,1.6584e+07,-9.08776e-05,1.65227e+07
0.7078,0.000215327,1.66746e+07,-9.07452e-05,1.66134e+07
0.7088,0.000214982,1.67651e+07,-9.06048e-05,1.6704e+07
0.7098,0.000214618,1.68554e+07,-9.04562e-05,1.67944e+07
0.7108,0.000214235,1.69455e+07,-9.02997e-05,1.68846e+07
0.7118,0.000213832,1.70355e+07,-9.01351e-05,1.69747e+07
0.7128,0.000213411,1.71253e+07,-8.99625e-05,1.70646e+07
0.7138,0.000212971,1.72149e+07,-8.9782e-05,1.71543e+07
0.7148,0.000212512,1.73043e+07,-8.95934e-05,1.72438e+07
0.7158,0.000212034,1.73934e+07,-8.93969e-05,1.73332e+07
0.7168,0.000211537,1.74824e+07,-8.91925e-05,1.74223e+07
0.7178,0.000211022,1.75712e+07,-8.89801e-05,1.75112e+07
0.7188,0.000210488,1.76597e+07,-8.87598e-05,1.75999e+07
0.7198,0.000209935,1.7748e+07,-8.85317e-05,1.76883e+07
0.7208,0.000209363,1.78361e+07,-8.82957e-05,1.77765e+07
0.7218,0.000208773,1.79239e+07,-8.80518e-05,1.78645e+07
0.7228,0.000208164,1.80114e+07,-8.78001e-05,1.79522e+07
0.7238,0.000207537,1.80987e+07,-8.75406e-05,1.80397e+07
0.7248,0.000206891,1.81857e+07,-8.72734e-05,1.81268e+07
0.7258,0.000206227,1.82724e+07,-8.69984e-05,1.82137e+07
0.7268,0.000205544,1.83588e+07,-8.67156e-05,1.83004e+07
0.7278,0.000204844,1.84449e+07,-8.64252e-05,1.83867e+07
0.7288,0.000204125,1.85308e+07,-8.61271e-05,1.84727e+07
0.7298,0.000203388,1.86163e+07,-8.58213e-05,1.85584e+07
0.7308,0.000202633,1.87014e+07,-8.55079e-05,1.86438e+07
0.7318,0.00020186,1.87863e+07,-8.5187e-05,1.87289e+07
0.7328,0.000201069,1.88708e+07,-8.48584e-05,1.88136e+07
0.7338,0.00020026,1.8955e+07,-8.45223e-05,1.8898e+07
0.7348,0.000199433,1.90388e+07,-8.41787e-05,1.89821e+07
0.7358,0.000198589,1.91223e+07,-8.38276e-05,1.90658e+07
0.7368,0.000197727,1.92054e+07,-8.34691e-05,1.91491e+07
0.7378,0.000196848,1.92881e+07,-8.31032e-05,1.92321e+07
0.7388,0.000195951,1.93704e+07,-8.27299e-05,1.93147e+07
0.7398,0.000195036,1.94524e+07,-8.23492e-05,1.93969e+07
0.7408,0.000194104,1.9534e+07,-8.19612e-05,1.94788e+07
0.7418,0.000193155,1.96151e+07,-8.1566e-05,1.95602e+07
0.7428,0.000192189,1.96959e+07,-8.11635e-05,1.96412e+07
0.7438,0.000191206,1.97762e+07,-8.07538e-05,1.97218e+07
0.7448,0.000190206,1.98561e+07,-8.03369e-05,1.9802e+07
0.7458,0.000189189,1.99356e+07,-7.99128e-05,1.98818e+07
0.7468,0.000188155,2.00146e+07,-7.94817e-05,1.99611e+07
0.7478,0.000187104,2.00932e+07,-7.90435e-05,2.004e+07
0.7488,0.000186049,2.01712e+07,-7.98246e-05,2.0118e+07
0.7498,0.000185372,2.02445e+07,-9.1457e-05,2.0189e+07
0.7508,0.000185949,2.03044e+07,-0.000115706,2.02439e+07
0.7518,0.000188409,2.03451e+07,-0.000147033,2.02777e+07
0.7528,0.000192895,2.03653e+07,-0.000179049,2.02906e+07
0.7538,0.00019913,2.03679e+07,-0.000206671,2.02866e+07
0.7548,0.000206567,2.03585e+07,-0.000226891,2.02716e+07
0.7558,0.000214558,2.03432e+07,-0.000238846,2.02525e+07
0.7568,0.000222506,2.03281e+07,-0.000243437,2.02348e+07
0.7578,0.000229958,2.03172e+07,-0.000242712,2.02227e+07
0.7588,0.00023666,2.03131e+07,-0.00023919,2.0218e+07
0.7598,0.000242551,2.03163e+07,-0.000235268,2.02207e+07
0.7608,0.000247727,2.03258e+07,-0.000232801,2.02296e+07
0.7618,0.000252381,2.03395e+07,-0.000232894,2.02424e+07
0.7628,0.000256746,2.03553e+07,-0.00023588,2.02567e+07
0.7638,0.000261037,2.03709e+07,-0.00024145,2.02704e+07
0.7648,0.000265418,2.0385e+07,-0.000248877,2.0282e+07
0.7658,0.000269983,2.03965e+07,-0.000257256,2.02909e+07
0.7668,0.000274754,2.04053e+07,-0.000265717,2.02971e+07
0.7678,0.000279698,2.04116e+07,-0.000273585,2.03009e+07
0.7688,0.000284746,2.04163e+07,-0.000280454,2.03032e+07
0.7698,0.000289813,2.04201e+07,-0.000286197,2.03049e+07
0.7708,0.000294821,2.04238e+07,-0.000290918,2.03066e+07
0.7718,0.000299709,2.0428e+07,-0.000294877,2.0309e+07
0.7728,0.000304444,2.04329e+07,-0.000298396,2.03123e+07
0.7738,0.000309015,2.04386e+07,-0.000301787,2.03164e+07
0.7748,0.000313433,2.04452e+07,-0.000305297,2.03214e+07
0.7758,0.000317723,2.04522e+07,-0.000309072,2.03267e+07
0.7768,0.000321913,2.04593e+07,-0.000313161,2.03323e+07
0.7778,0.000326033,2.04665e+07,-0.000317528,2.03377e+07
0.7788,0.000330102,2.04733e+07,-0.000322081,2.03428e+07
0.7798,0.000334134,2.04797e+07,-0.000326705,2.03475e+07
0.7808,0.000338131,2.04857e+07,-0.000331285,2.03517e+07
0.7818,0.00034209,2.04913e+07,-0.000335732,2.03556e+07
0.7828,0.000346001,2.04965e+07,-0.000339993,2.03593e+07
0.7838,0.000349853,2.05016e+07,-0.000344047,2.03627e+07
0.7848,0.000353636,2.05065e+07,-0.000347906,2.03662e+07
0.7858,0.000357342,2.05114e+07,-0.000351603,2.03696e+07
0.7868,0.000360966,2.05163e+07,-0.000355178,2.03731e+07
0.7878,0.000364505,2.05213e+07,-0.000358671,2.03766e+07
0.7888,0.000367961,2.05262e+07,-0.000362115,2.03801e+07
0.7898,0.000371337,2.05311e+07,-0.000365528,2.03837e+07
0.7908,0.000374636,2.0536e+07,-0.000368919,2.03872e+07
0.7918,0.000377862,2.05407e+07,-0.000372282,2.03907e+07
0.7928,0.000381016,2.05454e+07,-0.000375605,2.0394e+07
0.7938,0.000384101,2.05498e+07,-0.000378875,2.03972e+07
0.7948,0.000387117,2.05542e+07,-0.000382076,2.04003e+07
0.7958,0.000390063,2.05584e+07,-0.000385196,2.04033e+07
0.7968,0.000392938,2.05624e+07,-0.000388227,2.04061e+07
0.7978,0.00039574,2.05663e+07,-0.000391167,2.04089e+07
0.7988,0.000398468,2.05702e+07,-0.000394017,2.04116e+07
0.7998,0.000401119,2.05739e+07,-0.00039678,2.04143e+07
0.8008,0.000403695,2.05775e+07,-0.000399461,2.04169e+07
0.8018,0.000406193,2.05811e+07,-0.000402065,2.04194e+07
0.8028,0.000408614,2.05845e+07,-0.000404597,2.04218e+07
0.8038,0.000410958,2.05878e+07,-0.000407058,2.04242e+07
0.8048,0.000413226,2.05911e+07,-0.00040945,2.04265e+07
0.8058,0.000415417,2.05942e+07,-0.000411771,2.04288e+07
0.8068,0.000417532,2.05972e+07,-0.000414021,2.04309e+07
0.8078,0.000419571,2.06002e+07,-0.000416198,2.0433e+07
0.8088,0.000421533,2.06029e+07,-0.000418298,2.0435e+07
0.8098,0.00042342,2.06056e+07,-0.000420321,2.04369e+07
0.8108,0.000425229,2.06082e+07,-0.000422265,2.04387e+07
0.8118,0.000426961,2.06106e+07,-0.00042413,2.04404e+07
0.8128,0.000428616,2.0613e+07,-0.000425915,2.04421e+07
0.8138,0.000430193,2.06152e+07,-0.000427622,2.04436e+07
0.8148,0.000431692,2.06173e+07,-0.00042925,2.04451e+07
0.8158,0.000433113,2.06193e+07,-0.0004308,2.04465e+07
0.8168,0.000434456,2.06212e+07,-0.000432272,2.04479e+07
0.8178,0.000435721,2.0623e+07,-0.000433667,2.04491e+07
0.8188,0.000436907,2.06247e+07,-0.000434985,2.04503e+07
0.8198,0.000438015,2.06263e+07,-0.000436226,2.04514e+07
0.8208,0.000439044,2.06277e+07,-0.000437389,2.04524e+07
0.8218,0.000439995,2.06291e+07,-0.000438473,2.04534e+07
0.8228,0.000440867,2.06303e+07,-0.00043948,2.04542e+07
0.8238,0.000441661,2.06314e+07,-0.000440407,2.0455e+07
0.8248,0.000442376,2.06324e+07,-0.000441256,2.04557e+07
0.8258,0.000443012,2.06333e+07,-0.000442026,2.04563e+07
0.8268,0.00044357,2.06341e+07,-0.000442716,2.04568e+07
0.8278,0.000444048,2.06348e+07,-0.000443328,2.04573e+07
0.8288,0.000444447,2.06353e+07,-0.00044386,2.04576e+07
0.8298,0.000444767,2.06357e+07,-0.000444314,2.04579e+07
0.8308,0.000445009,2.06361e+07,-0.000444688,2.04581e+07
0.8318,0.000445171,2.06363e+07,-0.000444984,2.04583e+07
0.8328,0.000445254,2.06364e+07,-0.0004452,2.04583e+07
0.8338,0.000445257,2.06364e+07,-0.000445338,2.04583e+07
0.8348,0.000445182,2.06363e+07,-0.000445397,2.04581e+07
0.8358,0.000445028,2.0636e+07,-0.000445376,2.04579e+07
0.8368,0.000444794,2.06357e+07,-0.000445276,2.04577e+07
0.8378,0.000444482,2.06352e+07,-0.000445097,2.04573e+07
0.8388,0.00044409,2.06346e+07,-0.00044484,2.04568e+07
0.8398,0.00044362,2.06339e+07,-0.000444503,2.04563e+07
0.8408,0.00044307,2.06331e+07,-0.000444087,2.04557e+07
0.8418,0.000442442,2.06322e+07,-0.000443591,2.0455e+07
0.8428,0.000441735,2.06312e+07,-0.000443017,2.04542e+07
0.8438,0.000440949,2.063e+07,-0.000442364,2.04534e+07
0.8448,0.000440084,2.06288e+07,-0.000441633,2.04525e+07
0.8458,0.000439141,2.06274e+07,-0.000440822,2.04514e+07
0.8468,0.000438119,2.06259e+07,-0.000439933,2.04503e+07
0.8478,0.000437018,2.06244e+07,-0.000438965,2.04492e+07
0.8488,0.00043584,2.06226e+07,-0.000437918,2.04479e+07
0.8498,0.000434583,2.06208e+07,-0.000436793,2.04466e+07
0.8508,0.000433247,2.06189e+07,-0.00043559,2.04452e+07
0.8518,0.000431834,2.06169e+07,-0.000434309,2.04437e+07
0.8528,0.000430343,2.06147e+07,-0.000432949,2.04421e+07
0.8538,0.000428774,2.06125e+07,-0.000431512,2.04404e+07
0.8548,0.000427128,2.06101e+07,-0.000429996,2.04387e+07
0.8558,0.000425404,2.06076e+07,-0.000428403,2.04369e+07
0.8568,0.000423602,2.0605e+07,-0.000426732,2.0435e+07
0.8578,0.000421724,2.06023e+07,-0.000424984,2.0433e+07
0.8588,0.000419768,2.05995e+07,-0.000423158,2.04309e+07
0.8598,0.000417736,2.05966e+07,-0.000421255,2.04288e+07
0.8608,0.000415627,2.05936e+07,-0.000419275,2.04266e+07
0.8618,0.000413441,2.05904e+07,-0.000417219,2.04243e+07
0.8628,0.000411179,2.05872e+07,-0.000415086,2.04219e+07
0.8638,0.000408841,2.05838e+07,-0.000412876,2.04195e+07
0.8648,0.000406427,2.05803e+07,-0.00041059,2.0417e+07
0.8658,0.000403938,2.05768e+07,-0.000408229,2.04144e+07
0.8668,0.000401373,2.05731e+07,-0.000405791,2.04117e+07
0.8678,0.000398733,2.05693e+07,-0.000403278,2.04089e+07
0.8688,0.000396018,2.05654e+07,-0.000400689,2.04061e+07
0.8698,0.000393228,2.05614e+07,-0.000398025,2.04032e+07
0.8708,0.000390364,2.05573e+07,-0.000395287,2.04002e+07
0.8718,0.000387426,2.05531e+07,-0.000392473,2.03971e+07
0.8728,0.000384413,2.05487e+07,-0.000389586,2.0394e+07
0.8738,0.000381327,2.05443e+07,-0.000386624,2.03908e+07
0.8748,0.000378167,2.05398e+07,-0.000383588,2.03875e+07
0.8758,0.000374935,2.05351e+07,-0.000380478,2.03841e+07
0.8768,0.000371629,2.05304e+07,-0.000377296,2.03807e+07
0.8778,0.000368251,2.05256e+07,-0.00037404,2.03771e+07
0.8788,0.000364801,2.05206e+07,-0.000370711,2.03736e+07
0.8798,0.000361278,2.05156e+07,-0.00036731,2.03699e+07
0.8808,0.000357684,2.05104e+07,-0.000363837,2.03662e+07
0.8818,0.000354019,2.05052e+07,-0.000360292,2.03623e+07
0.8828,0.000350283,2.04998e+07,-0.000356675,2.03585e+07
0.8838,0.000346476,2.04943e+07,-0.000352987,2.03545e+07
0.8848,0.000342598,2.04888e+07,-0.000349228,2.03505e+07
0.8858,0.000338651,2.04831e+07,-0.000345399,2.03464e+07
0.8868,0.000334634,2.04774e+07,-0.000341499,2.03422e+07
0.8878,0.000330548,2.04715e+07,-0.000337529,2.0338e+07
0.8888,0.000326393,2.04656e+07,-0.00033349,2.03336e+07
0.8898,0.000322169,2.04595e+07,-0.000329382,2.03293e+07
0.8908,0.000317877,2.04534e+07,-0.000325205,2.03248e+07
0.8918,0.000313518,2.04471e+07,-0.000320959,2.03203e+07
0.8928,0.000309091,2.04408e+07,-0.000316646,2.03157e+07
0.8938,0.000304596,2.04343e+07,-0.000312264,2.0311e+07
0.8948,0.000300036,2.04278e+07,-0.000307816,2.03063e+07
0.8958,0.000295409,2.04212e+07,-0.0003033,2.03015e+07
0.8968,0.000290716,2.04145e+07,-0.000298718,2.02966e+07
0.8978,0.000285958,2.04077e+07,-0.00029407,2.02917e+07
0.8988,0.000281135,2.04007e+07,-0.000289356,2.02867e+07
0.8998,0.000276248,2.03937e+07,-0.000284577,2.02816e+07
0.9008,0.000271296,2.03867e+07,-0.000279734,2.02765e+07
0.9018,0.000266281,2.03795e+07,-0.000274825,2.02713e+07
0.9028,0.000261202,2.03722e+07,-0.000269853,2.02661e+07
0.9038,0.000256061,2.03648e+07,-0.000264817,2.02607e+07
0.9048,0.000250857,2.03574e+07,-0.000259718,2.02554e+07
0.9058,0.000245592,2.03499e+07,-0.000254557,2.02499e+07
0.9068,0.000240265,2.03422e+07,-0.000249333,2.02444e+07
0.9078,0.000234878,2.03345e+07,-0.000244048,2.02388e+07
0.9088,0.00022943,2.03267e+07,-0.000238701,2.02332e+07
0.9098,0.000223922,2.03188e+07,-0.000233294,2.02275e+07
0.9108,0.000218354,2.03109e+07,-0.000227827,2.02217e+07
0.9118,0.000212728,2.03028e+07,-0.000222299,2.02159e+07
0.9128,0.000207043,2.02947e+07,-0.000216712,2.021e+07
0.9138,0.0002013,2.02865e+07,-0.000211067,2.02041e+07
0.9148,0.0001955,2.02782e+07,-0.000205363,2.01981e+07
0.9158,0.000189643,2.02698e+07,-0.000199601,2.0192e+07
0.9168,0.000183729,2.02613e+07,-0.000193782,2.01859e+07
0.9178,0.00017776,2.02528e+07,-0.000187907,2.01797e+07
0.9188,0.000171735,2.02442e+07,-0.000181975,2.01735e+07
0.9198,0.000165655,2.02355e+07,-0.000175987,2.01672e+07
0.9208,0.000159521,2.02267e+07,-0.000169944,2.01609e+07
0.9218,0.000153334,2.02178e+07,-0.000163847,2.01545e+07
0.9228,0.000147093,2.02089e+07,-0.000157695,2.0148e+07
0.9238,0.000140799,2.01999e+07,-0.00015149,2.01415e+07
0.9248,0.000134454,2.01908e+07,-0.000145232,2.0135e+07
0.9258,0.000128057,2.01817e+07,-0.000138921,2.01284e+07
0.9268,0.000121609,2.01724e+07,-0.000132559,2.01217e+07
0.9278,0.000115111,2.01631e+07,-0.000126145,2.0115e+07
0.9288,0.000108563,2.01538e+07,-0.00011968,2.01082e+07
0.9298,0.000101965,2.01443e+07,-0.000113165,2.01014e+07
0.9308,9.53195e-05,2.01348e+07,-0.000106601,2.00945e+07
0.9318,8.86256e-05,2.01253e+07,-9.99872e-05,2.00876e+07
0.9328,8.18843e-05,2.01156e+07,-9.33252e-05,2.00807e+07
0.9338,7.50961e-05,2.01059e+07,-8.66154e-05,2.00737e+07
0.9348,6.82617e-05,2.00961e+07,-7.98584e-05,2.00666e+07
0.9358,6.13817e-05,2.00863e+07,-7.30547e-05,2.00595e+07
0.9368,5.44566e-05,2.00764e+07,-6.62049e-05,2.00524e+07
0.9378,4.74872e-05,2.00664e+07,-5.93097e-05,2.00452e+07
0.9388,4.0474e-05,2.00564e+07,-5.23697e-05,2.00379e+07
0.9398,3.34176e-05,2.00463e+07,-4.53854e-05,2.00306e+07
0.9408,2.63187e-05,2.00362e+07,-3.83576e-05,2.00233e+07
0.9418,1.91779e-05,2.00259e+07,-3.12868e-05,2.0016e+07
0.9428,1.19959e-05,2.00157e+07,-2.41736e-05,2.00085e+07
0.9438,4.77319e-06,2.00053e+07,-1.70188e-05,2.00011e+07
0.9448,-2.48948e-06,1.9995e+07,-9.82287e-06,1.99936e+07
0.9458,-9.79148e-06,1.99845e+07,-2.58651e-06,1.99861e+07
0.9468,-1.71289e-05,1.9974e+07,4.2106e-06,1.99783e+07
0.9478,-2.4374e-05,1.9962e+07,8.25224e-06,1.99686e+07
0.9488,-3.13972e-05,1.99474e+07,1.14257e-05,1.9956e+07
0.9498,-3.81805e-05,1.99301e+07,1.43685e-05,1.99406e+07
0.9508,-4.47287e-05,1.991e+07,1.7189e-05,1.99225e+07
0.9518,-5.10499e-05,1.98873e+07,1.99082e-05,1.99016e+07
0.9528,-5.71523e-05,1.98621e+07,2.25327e-05,1.98781e+07
0.9538,-6.30442e-05,1.98345e+07,2.50663e-05,1.98522e+07
0.9548,-6.87334e-05,1.98045e+07,2.75127e-05,1.98238e+07
0.9558,-7.42273e-05,1.97722e+07,2.98749e-05,1.97931e+07
0.9568,-7.95331e-05,1.97377e+07,3.21561e-05,1.97601e+07
0.9578,-8.46577e-05,1.97011e+07,3.43593e-05,1.9725e+07
0.9588,-8.96077e-05,1.96625e+07,3.64874e-05,1.96877e+07
0.9598,-9.43894e-05,1.96218e+07,3.8543e-05,1.96485e+07
0.9608,-9.90089e-05,1.95793e+07,4.05287e-05,1.96072e+07
0.9618,-0.000103472,1.95349e+07,4.24472e-05,1.95641e+07
0.9628,-0.000107784,1.94887e+07,4.43008e-05,1.95191e+07
0.9638,-0.000111951,1.94408e+07,4.60918e-05,1.94724e+07
0.9648,-0.000115978,1.93912e+07,4.78224e-05,1.9424e+07
0.9658,-0.000119869,1.934e+07,4.94948e-05,1.93739e+07
0.9668,-0.00012363,1.92872e+07,5.1111e-05,1.93222e+07
0.9678,-0.000127264,1.9233e+07,5.2673e-05,1.9269e+07
0.9688,-0.000130777,1.91772e+07,5.41826e-05,1.92143e+07
0.9698,-0.000134172,1.91201e+07,5.56416e-05,1.91581e+07
0.9708,-0.000137454,1.90616e+07,5.70518e-05,1.91006e+07
0.9718,-0.000140626,1.90018e+07,5.84149e-05,1.90417e+07
0.9728,-0.000143691,1.89407e+07,5.97323e-05,1.89815e+07
0.9738,-0.000146654,1.88784e+07,6.10056e-05,1.892e+07
0.9748,-0.000149518,1.8815e+07,6.22363e-05,1.88573e+07
0.9758,-0.000152286,1.87503e+07,6.34258e-05,1.87935e+07
0.9768,-0.000154961,1.86846e+07,6.45755e-05,1.87285e+07
0.9778,-0.000157546,1.86178e+07,6.56865e-05,1.86624e+07
0.9788,-0.000160044,1.85499e+07,6.67601e-05,1.85953e+07
0.9798,-0.000162458,1.8481e+07,6.77976e-05,1.85271e+07
0.9808,-0.00016479,1.84112e+07,6.88001e-05,1.8458e+07
0.9818,-0.000167043,1.83405e+07,6.97685e-05,1.83879e+07
0.9828,-0.000169219,1.82688e+07,7.07041e-05,1.83168e+07
0.9838,-0.000171321,1.81963e+07,7.16078e-05,1.82449e+07
0.9848,-0.000173351,1.81229e+07,7.24805e-05,1.81721e+07
0.9858,-0.00017531,1.80487e+07,7.33231e-05,1.80985e+07
0.9868,-0.000177202,1.79738e+07,7.41366e-05,1.80241e+07
0.9878,-0.000179027,1.78981e+07,7.49218e-05,1.79489e+07
0.9888,-0.000180789,1.78216e+07,7.56795e-05,1.78729e+07
0.9898,-0.000182487,1.77444e+07,7.64105e-05,1.77962e+07
0.9908,-0.000184126,1.76666e+07,7.71155e-05,1.77189e+07
0.9918,-0.000185705,1.75881e+07,7.77952e-05,1.76408e+07
0.9928,-0.000187227,1.7509e+07,7.84504e-05,1.75622e+07
0.9938,-0.000188693,1.74293e+07,7.90816e-05,1.74829e+07
0.9948,-0.000190104,1.7349e+07,7.96896e-05,1.74029e+07
0.9958,-0.000191463,1.72681e+07,8.02748e-05,1.73225e+07
0.9968,-0.000192769,1.71867e+07,8.0838e-05,1.72414e+07
0.9978,-0.000194026,1.71048e+07,8.13797e-05,1.71599e+07
0.9988,-0.000195233,1.70223e+07,8.19003e-05,1.70778e+07
0.9998,-0.000196392,1.69394e+07,8.24004e-05,1.69952e+07
