"time","hydraulics.tlm.x [m]","hydraulics.tlm.v [m/s]","hydraulics.tlm.F [N]","mechanics.x","mechanics.tlm.x [m]","mechanics.tlm.v [m/s]","mechanics.tlm.F [N]","controller.u"
0.0005,0,0,0,4.97512e-05,0,0,0,0
0.002,3.48838e-07,0.000792898,688.588,0.000698221,0.000294068,0.285693,-2856.93,-2.5e-07
0.004,0.000227238,0.30908,3985.08,0.00180772,0.00121787,0.515448,-6768.72,-3.50856e-06
0.006,0.00129937,0.711446,4404.85,0.00314998,0.00245088,0.623349,-5929.21,-9.08377e-06
0.008,0.00283392,0.759967,4538.79,0.00478259,0.00392436,0.771391,-4499.2,-1.58286e-05
0.01,0.00430947,0.721482,6523.97,0.00671721,0.005721,0.929328,-6391.68,-2.40325e-05
0.012,0.0058931,0.868727,8340.21,0.00878107,0.00774436,0.993624,-8556.61,-3.3754e-05
0.014,0.00780305,1.00368,8670.45,0.0108533,0.00981651,0.995992,-8595.64,-4.41249e-05
0.016,0.00979763,0.964153,8948.82,0.0129423,0.0118941,1.00803,-8671.2,-5.4538e-05
0.018,0.0116479,0.899843,9967.49,0.0150241,0.0139889,1.00893,-10097.3,-6.50351e-05
0.02,0.0134426,0.911071,10769.3,0.0170064,0.0160324,0.959741,-11205.7,-7.54962e-05
0.022,0.0152484,0.894567,10975.2,0.0188398,0.0179415,0.885213,-11165.6,-8.54569e-05
0.024,0.0169358,0.797965,11302,0.0205333,0.0197038,0.817046,-11113,-9.46698e-05
0.026,0.0184203,0.701554,11949.2,0.0220774,0.0213267,0.743692,-11515.9,-0.00010318
0.028,0.0197586,0.641088,12388.3,0.0234396,0.0227832,0.65221,-11635.8,-0.000110939
0.03,0.0209779,0.56752,12473.1,0.024614,0.0240497,0.558045,-11316.2,-0.000117784
0.032,0.0220253,0.468107,12510.6,0.0256188,0.0251369,0.474326,-11165,-0.000123685
0.034,0.0228837,0.382456,12537.5,0.0264613,0.0260604,0.394378,-11318.2,-0.000128735
0.036,0.0235945,0.319816,12351.2,0.0271402,0.0268204,0.31359,-11402.3,-0.000132968
0.038,0.0241764,0.255193,11994.1,0.0276675,0.027421,0.239244,-11357,-0.000136379
0.04,0.0246148,0.185087,11683.2,0.0280629,0.0278802,0.175174,-11397.9,-0.000139029
0.042,0.0249161,0.125852,11472,0.0283381,0.0282147,0.116666,-11489,-0.000141016
0.044,0.0251079,0.0772451,11301.4,0.0285007,0.0284328,0.0613538,-11435.3,-0.000142399
0.046,0.0252022,0.0271804,11199.2,0.0285633,0.0285439,0.0119214,-11247.6,-0.000143216
0.048,0.0251974,-0.0239293,11217.5,0.0285386,0.0285617,-0.0311935,-11061.5,-0.00014353
0.05,0.0251018,-0.0682646,11305,0.0284344,0.0284967,-0.0708528,-10900.2,-0.000143407
0.052,0.0249303,-0.106537,11373.1,0.0282553,0.0283542,-0.108181,-10736.8,-0.000142883
0.054,0.0246884,-0.143573,11395.6,0.0280075,0.0281398,-0.142262,-10627.1,-0.000141983
0.056,0.0243758,-0.178437,11378.4,0.0276957,0.0278593,-0.173532,-10636.9,-0.000140738
0.058,0.0239969,-0.208517,11312.6,0.0273216,0.0275161,-0.203697,-10743.6,-0.000139171
0.06,0.0235572,-0.235871,11204.4,0.0268858,0.027111,-0.233465,-10888,-0.000137291
0.062,0.0230571,-0.263849,11099.4,0.0263889,0.0266445,-0.262744,-11041.5,-0.000135101
0.064,0.0224951,-0.29282,11045.7,0.0258312,0.0261175,-0.292065,-11180.6,-0.000132604
0.066,0.0218715,-0.322356,11061.7,0.0252116,0.0255292,-0.322242,-11264.7,-0.000129802
0.068,0.0213013,-0.236595,9976.67,0.0245333,0.0248784,-0.353381,-10664,-0.000126688
0.07,0.0208544,-0.24224,8859.05,0.023876,0.0241943,-0.343531,-8820.98,-0.00012328
0.072,0.0202981,-0.306822,8800.5,0.0233337,0.02359,-0.282675,-8644.55,-0.000119977
0.074,0.0197261,-0.25748,9105.46,0.0228897,0.0231028,-0.233752,-9095.48,-0.000117252
0.076,0.0192945,-0.194887,9142.27,0.0225145,0.0226933,-0.200302,-8904.32,-0.000115021
0.078,0.0189204,-0.194712,9354.34,0.0222136,0.0223548,-0.161574,-9047.47,-0.000113135
0.08,0.0185427,-0.183515,9784.03,0.0219651,0.0220853,-0.133861,-9771.11,-0.000111623
0.082,0.0182106,-0.151474,10052.2,0.0217256,0.0218457,-0.128997,-10262.7,-0.000110374
0.084,0.0179127,-0.147953,10204.7,0.0214735,0.0216013,-0.134595,-10489.2,-0.000109171
0.086,0.0175941,-0.162441,10414.3,0.0211977,0.0213393,-0.145454,-10770.5,-0.000107904
0.088,0.0172522,-0.169313,10588.5,0.0208828,0.021046,-0.164939,-10915.9,-0.000106518
0.09,0.0168972,-0.180019,10659.7,0.0205224,0.0207083,-0.188027,-10784.5,-0.000104936
0.092,0.016514,-0.200099,10694.5,0.020123,0.0203274,-0.207727,-10573.2,-0.000103125
0.094,0.016098,-0.215695,10690.7,0.0196927,0.0199116,-0.223382,-10379.6,-0.000101118
0.096,0.0156634,-0.223684,10595.2,0.0192402,0.0194688,-0.234728,-10165.5,-9.89558e-05
0.098,0.0152177,-0.229456,10425.5,0.0187776,0.0190094,-0.239608,-9989.78,-9.6682e-05
0.1,0.0147637,-0.231015,10225.4,0.0183169,0.0185463,-0.238177,-9922.69,-9.43576e-05
0.102,0.0143107,-0.225999,10014.3,0.0178662,0.0180896,-0.232472,-9931.68,-9.20424e-05
0.104,0.0138676,-0.217984,9823.77,0.0174313,0.0176461,-0.223743,-9971.93,-8.97775e-05
0.106,0.0134369,-0.209653,9699.87,0.0170162,0.0172209,-0.213135,-10031.9,-8.75924e-05
0.108,0.0130204,-0.20094,9663.65,0.0166213,0.0168162,-0.202437,-10084.1,-8.55063e-05
0.11,0.0126201,-0.192954,9709.51,0.016245,0.0164311,-0.192956,-10096.5,-8.35222e-05
0.112,0.0122349,-0.187131,9820.45,0.0158842,0.016063,-0.185161,-10070.6,-8.16309e-05
0.114,0.0118624,-0.18308,9965.43,0.0155355,0.0157088,-0.179291,-10026,-7.9818e-05
0.116,0.0115005,-0.179915,10102.7,0.0151951,0.0153647,-0.175335,-9979.68,-7.80657e-05
0.118,0.0111474,-0.17731,10197.3,0.0148601,0.0150273,-0.172819,-9950.09,-7.63555e-05
0.12,0.0108009,-0.174755,10230.4,0.0145283,0.0146939,-0.171117,-9953.52,-7.46719e-05
0.122,0.0104599,-0.171615,10200,0.0141988,0.0143632,-0.169704,-9990.57,-7.30048e-05
0.124,0.0101239,-0.167808,10120.4,0.0138717,0.0140347,-0.16811,-10047.5,-7.13492e-05
0.126,0.00979313,-0.163612,10018.8,0.0135479,0.013709,-0.165957,-10105.1,-6.97053e-05
0.128,0.00946799,-0.159252,9925.4,0.0132289,0.0133875,-0.163063,-10143.5,-6.8078e-05
0.13,0.00914948,-0.15496,9863.61,0.0129165,0.0130717,-0.159405,-10147.3,-6.64751e-05
0.132,0.00883871,-0.150944,9845.15,0.0126126,0.0127635,-0.155035,-10112.1,-6.49055e-05
0.134,0.00853666,-0.147179,9867.75,0.0123187,0.0124645,-0.150072,-10046.7,-6.33785e-05
0.136,0.00824424,-0.143432,9916.78,0.0120358,0.0121761,-0.144683,-9968.81,-6.19015e-05
0.138,0.00796212,-0.139429,9971.21,0.0117646,0.0118989,-0.139038,-9899.56,-6.04801e-05
0.14,0.00769067,-0.134936,10011,0.0115049,0.0116334,-0.133296,-9857.68,-5.91169e-05
0.142,0.00742995,-0.129833,10023.1,0.0112566,0.0113794,-0.127612,-9853.37,-5.78123e-05
0.144,0.00717982,-0.124195,10004.9,0.0110188,0.0111363,-0.122129,-9885.36,-5.65643e-05
0.146,0.00693985,-0.118298,9964.49,0.0107907,0.0109034,-0.116964,-9941.96,-5.53693e-05
0.148,0.00670951,-0.112518,9916.86,0.0105713,0.0106798,-0.112197,-10005,-5.4223e-05
0.15,0.00648815,-0.107229,9878.7,0.01036,0.0104646,-0.107867,-10055.5,-5.3121e-05
0.152,0.00627517,-0.102697,9862.75,0.0101561,0.0102571,-0.103958,-10079.1,-5.20592e-05
0.154,0.00607001,-0.099001,9873.83,0.00995915,0.0100568,-0.100397,-10070.7,-5.10345e-05
0.156,0.00587224,-0.0960049,9907.62,0.00976893,0.00986333,-0.0970712,-10034.8,-5.00447e-05
0.158,0.00568159,-0.0934085,9952.51,0.0095854,0.00967648,-0.0938455,-9983.98,-4.90889e-05
0.16,0.00549794,-0.0908396,9993.61,0.00940866,0.00949632,-0.090589,-9934.24,-4.81666e-05
0.162,0.00532129,-0.0879615,10017.7,0.00923884,0.00932296,-0.0872031,-9900.23,-4.72785e-05
0.164,0.00515171,-0.0845694,10017.5,0.00907608,0.00915657,-0.083641,-9890.72,-4.64251e-05
0.166,0.00498928,-0.0806436,9993.51,0.0089205,0.00899732,-0.0799153,-9906.36,-4.56073e-05
0.168,0.00483408,-0.0763438,9953.74,0.00877211,0.00884528,-0.0760913,-9940.08,-4.48255e-05
0.17,0.00468606,-0.0719512,9910.91,0.00863085,0.00870046,-0.0722693,-9979.73,-4.40798e-05
0.172,0.0045451,-0.0677785,9878.23,0.00849654,0.00856273,-0.0685585,-10012.3,-4.337e-05
0.174,0.00441099,-0.0640771,9865.3,0.00836893,0.00843188,-0.0650513,-10027.8,-4.26951e-05
0.176,0.00428343,-0.0609668,9875.33,0.00824771,0.00830758,-0.0618035,-10022.4,-4.20539e-05
0.178,0.00416206,-0.0584116,9904.42,0.00813253,0.00818948,-0.0588265,-9999.24,-4.14447e-05
0.18,0.00404656,-0.0562429,9943.12,0.00802301,0.0080772,-0.0560901,-9966.71,-4.08659e-05
0.182,0.00393658,-0.0542215,9979.55,0.0079188,0.00797036,-0.053537,-9935.82,-4.03156e-05
0.184,0.00383185,-0.052116,10003.2,0.00781959,0.00786865,-0.0511013,-9916.41,-3.9792e-05
0.186,0.00373213,-0.0497735,10008.1,0.0077251,0.00777177,-0.0487269,-9914.13,-3.92934e-05
0.188,0.00363723,-0.0471601,9994.29,0.00763511,0.0076795,-0.0463813,-9928.96,-3.88186e-05
0.19,0.003547,-0.0443621,9967.45,0.00754945,0.00759165,-0.044059,-9955.45,-3.83664e-05
0.192,0.00346126,-0.0415494,9936.97,0.00746799,0.0075081,-0.0417776,-9984.76,-3.7936e-05
0.194,0.00337988,-0.0389146,9912.72,0.00739063,0.00742873,-0.0395673,-10007.6,-3.75266e-05
0.196,0.0033027,-0.0366103,9902.03,0.00731727,0.00735343,-0.0374574,-10017.3,-3.71379e-05
0.198,0.00322954,-0.0347013,9907.58,0.00724784,0.0072821,-0.0354656,-10011.3,-3.67693e-05
0.2,0.00316025,-0.0331492,9926.89,0.00718222,0.00721462,-0.0335928,-9992.57,-3.64204e-05
0.202,0.00309467,-0.0318292,9953.36,0.00712029,0.00715088,-0.0318235,-9967.49,-3.60906e-05
0.204,0.00303263,-0.0305739,9978.62,0.00706189,0.00709073,-0.0301328,-9944.29,-3.57794e-05
0.206,0.00297401,-0.0292286,9995.19,0.00700687,0.00703402,-0.0284956,-9930.19,-3.5486e-05
0.208,0.00291867,-0.0276985,9998.75,0.00695503,0.00698056,-0.0268961,-9929.19,-3.52095e-05
0.21,0.00286647,-0.0259756,9989.32,0.00690618,0.0069302,-0.0253323,-9941.06,-3.4949e-05
0.212,0.00281728,-0.0241364,9970.97,0.00686014,0.00688275,-0.023817,-9961.61,-3.47035e-05
0.214,0.00277095,-0.0223131,9950.32,0.00681673,0.00683804,-0.0223726,-9984.18,-3.44722e-05
0.216,0.0027273,-0.0206489,9934.32,0.00677579,0.00679591,-0.0210225,-10001.9,-3.4254e-05
0.218,0.00268619,-0.0192521,9928.05,0.00673719,0.00675619,-0.019783,-10009.6,-3.40483e-05
0.22,0.00264743,-0.0181631,9933.27,0.0067008,0.00671874,-0.0186571,-10005.8,-3.38544e-05
0.222,0.00261089,-0.0173445,9948.02,0.00666652,0.00668345,-0.0176321,-9992.4,-3.36715e-05
0.224,0.00257642,-0.0166954,9967.45,0.00663426,0.00665021,-0.0166834,-9974.2,-3.34993e-05
0.226,0.00254393,-0.0160857,9985.51,0.00660393,0.00661891,-0.0157808,-9957.25,-3.33372e-05
0.228,0.00251331,-0.0153963,9996.89,0.00657543,0.00658948,-0.014897,-9946.83,-3.31847e-05
0.23,0.00248452,-0.0145546,9998.65,0.00654869,0.00656185,-0.014015,-9945.9,-3.30415e-05
0.232,0.00245747,-0.0135542,9990.96,0.00652362,0.00653592,-0.0131322,-9954.31,-3.29072e-05
0.234,0.00243212,-0.0124519,9976.96,0.00650014,0.00651164,-0.0122598,-9969,-3.27812e-05
0.236,0.00240839,-0.0113467,9961.56,0.00647815,0.00648891,-0.0114182,-9985.17,-3.26632e-05
0.238,0.00238619,-0.0103457,9949.83,0.00645758,0.00646766,-0.0106303,-9997.82,-3.25527e-05
0.24,0.00236542,-0.00953081,9945.43,0.00643835,0.00644779,-0.00991414,-10003.3,-3.24494e-05
0.242,0.00234598,-0.00893389,9949.55,0.00642037,0.00642922,-0.00927698,-10000.5,-3.23527e-05
0.244,0.00232777,-0.00852957,9960.64,0.00640356,0.00641186,-0.00871381,-9990.86,-3.22623e-05
0.246,0.0023107,-0.00824587,9975.1,0.00638785,0.00639562,-0.00820901,-9977.85,-3.21779e-05
0.248,0.00229468,-0.00798869,9988.46,0.00637317,0.00638043,-0.00774127,-9965.83,-3.2099e-05
0.25,0.00227966,-0.0076717,9996.82,0.00635945,0.00636622,-0.00728992,-9958.6,-3.20252e-05
0.252,0.00226559,-0.0072421,9998.07,0.00634662,0.00635293,-0.00684059,-9958.23,-3.19562e-05
0.254,0.00225242,-0.00669452,9992.37,0.00633463,0.00634051,-0.0063886,-9964.55,-3.18918e-05
0.256,0.00224013,-0.00606938,9982.04,0.00632343,0.0063289,-0.00593915,-9975.3,-3.18315e-05
0.258,0.00222866,-0.00543718,9970.7,0.00631296,0.00631807,-0.0055045,-9986.97,-3.17752e-05
0.26,0.00221796,-0.00487438,9962.05,0.0063032,0.00630797,-0.00509915,-9995.95,-3.17226e-05
0.262,0.002208,-0.00443882,9958.75,0.00629409,0.00629855,-0.00473478,-9999.68,-3.16736e-05
0.264,0.0021987,-0.00415241,9961.64,0.00628561,0.00628978,-0.00441632,-9997.35,-3.16278e-05
0.266,0.00219001,-0.00399596,9969.59,0.00627772,0.00628162,-0.0041405,-9990.09,-3.15852e-05
0.268,0.00218188,-0.00391716,9979.96,0.00627038,0.00627402,-0.00389706,-9980.49,-3.15455e-05
0.27,0.00217428,-0.0038484,9989.5,0.00626356,0.00626694,-0.00367213,-9971.72,-3.15087e-05
0.272,0.00216718,-0.00372835,9995.41,0.00625723,0.00626035,-0.00345249,-9966.53,-3.14744e-05
0.274,0.00216054,-0.00352044,9996.15,0.00625134,0.00625423,-0.00322944,-9966.39,-3.14426e-05
0.276,0.00215436,-0.00322258,9991.9,0.00624585,0.00624853,-0.00300105,-9971.11,-3.1413e-05
0.278,0.0021486,-0.00286556,9984.34,0.00624075,0.00624323,-0.00277209,-9979.01,-3.13854e-05
0.28,0.00214325,-0.00250147,9976.11,0.00623599,0.0062383,-0.00255193,-9987.53,-3.13598e-05
0.282,0.00213828,-0.00218598,9969.88,0.00623155,0.00623371,-0.00235106,-9994.02,-3.13358e-05
0.284,0.00213366,-0.00196061,9967.56,0.00622742,0.00622944,-0.00217748,-9996.64,-3.13135e-05
0.286,0.00212934,-0.00184036,9969.72,0.00622356,0.00622546,-0.00203403,-9994.83,-3.12928e-05
0.288,0.0021253,-0.00181025,9975.5,0.00621997,0.00622175,-0.00191757,-9989.45,-3.12734e-05
0.29,0.00212151,-0.00183143,9982.98,0.00621663,0.00621829,-0.00181993,-9982.4,-3.12554e-05
0.292,0.00211795,-0.00185433,9989.79,0.00621351,0.00621506,-0.00173056,-9976,-3.12385e-05
0.294,0.00211461,-0.00183447,9993.91,0.00621061,0.00621205,-0.0016397,-9972.23,-3.12229e-05
0.296,0.00211147,-0.00174574,9994.26,0.00620791,0.00620923,-0.00154116,-9972.14,-3.12083e-05
0.298,0.00210854,-0.00158737,9990.99,0.00620538,0.00620661,-0.00143394,-9975.59,-3.11947e-05
0.3,0.00210581,-0.00138256,9985.37,0.00620302,0.00620416,-0.00132204,-9981.33,-3.1182e-05
0.302,0.00210327,-0.00116979,9979.32,0.00620082,0.00620188,-0.00121288,-9987.48,-3.11702e-05
0.304,0.00210089,-0.000989931,9974.79,0.00619875,0.00619975,-0.00111464,-9992.13,-3.11591e-05
0.306,0.00209868,-0.000873237,9973.13,0.00619681,0.00619776,-0.0010336,-9993.94,-3.11487e-05
0.308,0.0020966,-0.000830488,9974.74,0.006195,0.0061959,-0.000972183,-9992.55,-3.1139e-05
0.31,0.00209464,-0.0008506,9978.97,0.00619329,0.00619415,-0.000928294,-9988.57,-3.11299e-05
0.312,0.00209278,-0.000905183,9984.4,0.00619169,0.0061925,-0.000896121,-9983.42,-3.11213e-05
0.314,0.00209101,-0.000958224,9989.3,0.00619019,0.00619094,-0.000868031,-9978.78,-3.11133e-05
0.316,0.00208933,-0.000977581,9992.21,0.00618876,0.00618947,-0.000836924,-9976.08,-3.11057e-05
0.318,0.00208773,-0.000944644,9992.37,0.00618742,0.00618808,-0.000798296,-9976.06,-3.10985e-05
0.32,0.00208622,-0.00085925,9989.9,0.00618615,0.00618677,-0.000751389,-9978.6,-3.10918e-05
0.322,0.00208479,-0.000738603,9985.75,0.00618493,0.00618552,-0.00069911,-9982.78,-3.10854e-05
0.324,0.00208344,-0.000610869,9981.31,0.00618378,0.00618433,-0.000646839,-9987.21,-3.10793e-05
0.326,0.00208217,-0.000505735,9978,0.00618268,0.00618321,-0.000600536,-9990.53,-3.10735e-05
0.328,0.00208096,-0.000445038,9976.8,0.00618162,0.00618214,-0.000564789,-9991.77,-3.10679e-05
0.33,0.00207981,-0.000436354,9977.98,0.00618062,0.00618112,-0.000541406,-9990.68,-3.10626e-05
0.332,0.0020787,-0.000471399,9981.06,0.00617965,0.00618014,-0.000528957,-9987.73,-3.10576e-05
0.334,0.00207762,-0.000529433,9984.99,0.00617873,0.0061792,-0.000523349,-9983.96,-3.10527e-05
0.336,0.00207658,-0.000584356,9988.51,0.00617784,0.00617829,-0.000519203,-9980.59,-3.10481e-05
0.338,0.00207557,-0.000613066,9990.57,0.00617699,0.00617742,-0.000511557,-9978.65,-3.10437e-05
0.34,0.00207459,-0.000602425,9990.61,0.00617616,0.00617657,-0.000497341,-9978.67,-3.10394e-05
0.342,0.00207365,-0.000552735,9988.76,0.00617536,0.00617575,-0.000476183,-9980.54,-3.10352e-05
0.344,0.00207274,-0.000476852,9985.71,0.00617458,0.00617496,-0.000450335,-9983.59,-3.10312e-05
0.346,0.00207187,-0.000395451,9982.47,0.00617382,0.00617419,-0.000423789,-9986.81,-3.10273e-05
0.348,0.00207102,-0.000330129,9980.07,0.00617308,0.00617344,-0.000400897,-9989.19,-3.10235e-05
0.35,0.00207021,-0.000296617,9979.22,0.00617235,0.00617271,-0.000384971,-9990.04,-3.10197e-05
0.352,0.00206941,-0.00030019,9980.1,0.00617164,0.006172,-0.000377271,-9989.2,-3.10161e-05
0.354,0.00206863,-0.000334585,9982.35,0.00617095,0.0061713,-0.000376705,-9987.02,-3.10125e-05
0.356,0.00206786,-0.00038457,9985.19,0.00617027,0.00617061,-0.000380267,-9984.26,-3.1009e-05
0.358,0.0020671,-0.000431152,9987.72,0.0061696,0.00616994,-0.000384058,-9981.81,-3.10056e-05
0.36,0.00206635,-0.000457661,9989.17,0.00616894,0.00616927,-0.000384521,-9980.41,-3.10022e-05
0.362,0.00206561,-0.000454778,9989.16,0.0061683,0.00616862,-0.000379509,-9980.45,-3.09989e-05
0.364,0.00206488,-0.000422999,9987.77,0.00616766,0.00616797,-0.000368859,-9981.83,-3.09957e-05
0.366,0.00206418,-0.000371911,9985.52,0.00616703,0.00616734,-0.000354311,-9984.06,-3.09925e-05
0.368,0.00206348,-0.000316694,9983.16,0.00616641,0.00616671,-0.000338852,-9986.38,-3.09893e-05
0.37,0.00206281,-0.000273078,9981.42,0.00616579,0.00616609,-0.000325707,-9988.09,-3.09862e-05
0.372,0.00206214,-0.000252419,9980.83,0.00616518,0.00616548,-0.000317309,-9988.68,-3.09831e-05
0.374,0.00206149,-0.000258405,9981.49,0.00616458,0.00616488,-0.00031458,-9988.03,-3.098e-05
0.376,0.00206084,-0.000286333,9983.13,0.00616398,0.00616428,-0.00031672,-9986.43,-3.0977e-05
0.378,0.00206019,-0.000325028,9985.2,0.00616339,0.00616369,-0.000321538,-9984.41,-3.0974e-05
0.38,0.00205955,-0.000360671,9987.02,0.0061628,0.0061631,-0.000326205,-9982.63,-3.0971e-05
0.382,0.00205891,-0.000381227,9988.05,0.00616222,0.00616251,-0.000328157,-9981.64,-3.09681e-05
0.384,0.00205827,-0.000380073,9988.01,0.00616165,0.00616193,-0.000325866,-9981.69,-3.09652e-05
0.386,0.00205764,-0.000357745,9986.97,0.00616108,0.00616136,-0.000319254,-9982.71,-3.09623e-05
0.388,0.00205703,-0.000321362,9985.32,0.00616051,0.00616079,-0.000309623,-9984.33,-3.09594e-05
0.39,0.00205642,-0.000282039,9983.6,0.00615994,0.00616022,-0.000299173,-9986.01,-3.09566e-05
0.392,0.00205582,-0.000251208,9982.35,0.00615938,0.00615966,-0.000290258,-9987.24,-3.09537e-05
0.394,0.00205523,-0.000237046,9981.93,0.00615883,0.0061591,-0.000284648,-9987.64,-3.09509e-05
0.396,0.00205465,-0.000242114,9982.43,0.00615827,0.00615855,-0.000283006,-9987.15,-3.09481e-05
0.398,0.00205407,-0.000262877,9983.63,0.00615773,0.006158,-0.000284741,-9985.97,-3.09453e-05
0.4,0.00205349,-0.000291138,9985.14,0.00615718,0.00615746,-0.000288262,-9984.49,-3.09426e-05
0.402,0.00205291,-0.000316847,9986.45,0.00615665,0.00615692,-0.000291524,-9983.21,-3.09398e-05
0.404,0.00205234,-0.000331319,9987.18,0.00615611,0.00615638,-0.000292687,-9982.5,-3.09371e-05
0.406,0.00205177,-0.000329856,9987.13,0.00615558,0.00615585,-0.000290676,-9982.55,-3.09345e-05
0.408,0.00205121,-0.000312977,9986.36,0.00615506,0.00615532,-0.000285467,-9983.3,-3.09318e-05
0.41,0.00205065,-0.000285966,9985.15,0.00615453,0.00615479,-0.000278036,-9984.49,-3.09292e-05
0.412,0.0020501,-0.000256956,9983.9,0.00615402,0.00615427,-0.000269997,-9985.71,-3.09265e-05
0.414,0.00204956,-0.00023425,9983,0.0061535,0.00615375,-0.000263066,-9986.59,-3.09239e-05
0.416,0.00204903,-0.000223728,9982.71,0.00615299,0.00615324,-0.000258518,-9986.87,-3.09213e-05
0.418,0.00204851,-0.000227155,9983.08,0.00615248,0.00615274,-0.000256818,-9986.49,-3.09188e-05
0.42,0.00204798,-0.000241869,9983.96,0.00615198,0.00615223,-0.000257519,-9985.62,-3.09162e-05
0.422,0.00204746,-0.000261849,9985.06,0.00615148,0.00615173,-0.000259453,-9984.55,-3.09137e-05
0.424,0.00204694,-0.00027978,9986.01,0.00615099,0.00615124,-0.000261134,-9983.62,-3.09112e-05
0.426,0.00204643,-0.00028939,9986.53,0.0061505,0.00615075,-0.000261236,-9983.11,-3.09087e-05
0.428,0.00204592,-0.000287343,9986.47,0.00615002,0.00615026,-0.000258996,-9983.16,-3.09063e-05
0.43,0.00204542,-0.000274109,9985.9,0.00614954,0.00614978,-0.000254421,-9983.72,-3.09038e-05
0.432,0.00204492,-0.000253604,9985.02,0.00614907,0.0061493,-0.00024824,-9984.58,-3.09014e-05
0.434,0.00204443,-0.000231781,9984.11,0.0061486,0.00614883,-0.00024164,-9985.47,-3.08991e-05
0.436,0.00204395,-0.000214666,9983.46,0.00614813,0.00614836,-0.000235871,-9986.1,-3.08967e-05
0.438,0.00204347,-0.000206487,9983.26,0.00614767,0.0061479,-0.000231854,-9986.29,-3.08944e-05
0.44,0.002043,-0.000208457,9983.54,0.00614721,0.00614744,-0.000229913,-9986.01,-3.0892e-05
0.442,0.00204254,-0.000218572,9984.19,0.00614676,0.00614699,-0.000229713,-9985.37,-3.08897e-05
0.444,0.00204207,-0.00023241,9984.99,0.00614631,0.00614654,-0.000230393,-9984.59,-3.08875e-05
0.446,0.00204162,-0.000244644,9985.67,0.00614587,0.0061461,-0.000230872,-9983.91,-3.08852e-05
0.448,0.00204116,-0.000250746,9986.04,0.00614544,0.00614565,-0.000230191,-9983.55,-3.0883e-05
0.45,0.00204071,-0.000248344,9985.99,0.006145,0.00614522,-0.000227806,-9983.6,-3.08808e-05
0.452,0.00204026,-0.000237846,9985.57,0.00614458,0.00614479,-0.000223735,-9984.01,-3.08786e-05
0.454,0.00203983,-0.00022215,9984.92,0.00614415,0.00614436,-0.000218521,-9984.64,-3.08765e-05
0.456,0.0020394,-0.000205607,9984.26,0.00614374,0.00614394,-0.000213032,-9985.29,-3.08744e-05
0.458,0.00203897,-0.000192591,9983.8,0.00614332,0.00614353,-0.000208176,-9985.74,-3.08723e-05
0.46,0.00203855,-0.000186137,9983.66,0.00614291,0.00614312,-0.000204617,-9985.87,-3.08702e-05
0.462,0.00203814,-0.000187076,9983.87,0.00614251,0.00614271,-0.000202581,-9985.66,-3.08681e-05
0.464,0.00203773,-0.0001939,9984.35,0.00614211,0.00614231,-0.000201813,-9985.19,-3.08661e-05
0.466,0.00203733,-0.000203363,9984.93,0.00614172,0.00614192,-0.000201683,-9984.62,-3.08641e-05
0.468,0.00203692,-0.000211586,9985.42,0.00614133,0.00614152,-0.000201402,-9984.13,-3.08621e-05
0.47,0.00203653,-0.000215297,9985.69,0.00614094,0.00614114,-0.000200277,-9983.87,-3.08602e-05
0.472,0.00203613,-0.000212816,9985.64,0.00614056,0.00614075,-0.000197922,-9983.91,-3.08582e-05
0.474,0.00203575,-0.000204483,9985.33,0.00614019,0.00614037,-0.000194359,-9984.22,-3.08563e-05
0.476,0.00203537,-0.000192443,9984.86,0.00613982,0.00614,-0.000189989,-9984.68,-3.08544e-05
0.478,0.00203499,-0.000179875,9984.38,0.00613945,0.00613963,-0.000185448,-9985.15,-3.08526e-05
0.48,0.00203462,-0.000169953,9984.04,0.00613909,0.00613927,-0.000181395,-9985.47,-3.08507e-05
0.482,0.00203426,-0.000164854,9983.95,0.00613873,0.00613891,-0.000178306,-9985.56,-3.08489e-05
0.484,0.0020339,-0.000165143,9984.11,0.00613838,0.00613856,-0.000176338,-9985.4,-3.08471e-05
0.486,0.00203354,-0.000169686,9984.46,0.00613803,0.00613821,-0.000175297,-9985.06,-3.08454e-05
0.488,0.00203319,-0.000176101,9984.88,0.00613769,0.00613786,-0.000174721,-9984.64,-3.08436e-05
0.49,0.00203284,-0.000181563,9985.24,0.00613735,0.00613752,-0.000174033,-9984.29,-3.08419e-05
0.492,0.0020325,-0.000183709,9985.43,0.00613702,0.00613718,-0.000172733,-9984.11,-3.08402e-05
0.494,0.00203216,-0.000181347,9985.39,0.00613669,0.00613685,-0.000170546,-9984.14,-3.08385e-05
0.496,0.00203183,-0.000174758,9985.16,0.00613636,0.00613652,-0.000167494,-9984.37,-3.08368e-05
0.498,0.0020315,-0.000165527,9984.81,0.00613604,0.0061362,-0.000163875,-9984.71,-3.08352e-05
0.5,0.00203117,-0.000155979,9984.47,0.00613572,0.00613588,-0.000160154,-9985.04,0.00348667
0.502,0.00203086,-0.000148413,9984.23,0.00613541,0.00613556,-0.000156808,-9985.28,0.00348667
0.504,0.00203583,0.012401,9858.71,0.0061352,0.00613525,-0.00015418,-9977.34,0.00348667
0.506,0.00219466,0.185867,8005.95,0.00614952,0.00613698,0.00434177,-9064.57,0.00348667
0.508,0.00291107,0.5411,2838.19,0.00631951,0.00619655,0.075634,-4809.73,0.0034866
0.51,0.00432879,0.861044,-3940.28,0.00701689,0.00657335,0.337899,1390.51,0.00348574
0.512,0.00631504,1.12567,-8985.65,0.00866709,0.00770219,0.819595,5696.47,0.00348224
0.514,0.00888492,1.46508,-10785.7,0.0115009,0.00993196,1.41748,6719.25,0.00347395
0.516,0.0122964,1.97122,-10702.1,0.0155159,0.0133664,2.00991,6054.16,0.00345971
0.518,0.0168324,2.56033,-10544.2,0.020627,0.0179383,2.55632,5951.54,0.00343953
0.52,0.022485,3.07162,-10324.5,0.0267919,0.0235792,3.08323,6197.06,0.00341385
0.522,0.0290735,3.50707,-9397.5,0.0339688,0.0302588,3.59097,5592.37,0.00338287
0.524,0.0365254,3.9402,-7997.85,0.042056,0.0379066,4.04669,4408.64,0.00334681
0.526,0.0448426,4.36326,-6765.34,0.0509305,0.0464016,4.43938,3529.57,0.00330617
0.528,0.0539551,4.72899,-5817,0.0604989,0.0556325,4.78578,3019.94,0.00326157
0.53,0.0637377,5.03587,-4918,0.0706911,0.0655214,5.09777,2471.54,0.00321349
0.532,0.0741004,5.31154,-4019.31,0.081435,0.0759988,5.37369,1829.35,0.00316228
0.534,0.0849924,5.56339,-3237.45,0.0926591,0.0869911,5.61339,1297.31,0.00310829
0.536,0.0963567,5.78216,-2587.01,0.104304,0.098432,5.82334,901.839,0.00305189
0.538,0.108125,5.96828,-1986.67,0.116319,0.110268,6.0088,520.427,0.00299337
0.54,0.120241,6.13117,-1408.05,0.128658,0.122451,6.17065,122.107,0.002933
0.542,0.132664,6.27487,-880.367,0.141276,0.134935,6.30969,-235.865,0.00287099
0.544,0.145353,6.39771,-409.271,0.154131,0.147676,6.42861,-540.576,0.00280759
0.546,0.158267,6.50034,29.6165,0.167189,0.160637,6.52989,-828.139,0.00274299
0.548,0.171369,6.58627,447.264,0.180417,0.173784,6.61463,-1111.7,0.00267737
0.55,0.184627,6.65755,836.707,0.193783,0.187085,6.68376,-1376.54,0.0026109
0.552,0.198014,6.71438,1196.82,0.207259,0.200509,6.73868,-1619.26,0.00254374
0.554,0.211499,6.75751,1535.62,0.22082,0.214031,6.78072,-1851.29,0.00247602
0.556,0.225058,6.78848,1857.81,0.23444,0.227624,6.81075,-2077.6,0.00240788
0.558,0.238667,6.80838,2163.03,0.248098,0.241266,6.82951,-2294.6,0.00233944
0.56,0.252304,6.81771,2452.56,0.261773,0.254935,6.83784,-2501.62,0.00227081
0.562,0.265949,6.81707,2730.15,0.275445,0.268611,6.83652,-2702.19,0.00220209
0.564,0.279583,6.80726,2998.36,0.289097,0.282275,6.82612,-2898.03,0.00213339
0.566,0.293188,6.78889,3258.1,0.30271,0.295909,6.80719,-3088.62,0.00206479
0.568,0.306748,6.76239,3510.46,0.31627,0.309498,6.78025,-3274.55,0.00199638
0.57,0.320246,6.72821,3756.91,0.329761,0.323025,6.74576,-3457.64,0.00192824
0.572,0.333668,6.6868,3998.41,0.343169,0.336476,6.70411,-3639.14,0.00186045
0.574,0.347,6.63855,4235.49,0.356479,0.349837,6.65566,-3819.63,0.00179308
0.576,0.360228,6.58376,4468.83,0.36968,0.363094,6.60074,-3999.84,0.00172619
0.578,0.37334,6.52272,4699.37,0.382759,0.376236,6.53962,-4180.58,0.00165986
0.58,0.386323,6.4557,4927.96,0.395703,0.389249,6.47255,-4362.21,0.00159414
0.582,0.399166,6.38293,5155.42,0.408503,0.402122,6.39977,-4544.79,0.00152909
0.584,0.411858,6.30461,5382.58,0.421145,0.414844,6.32147,-4728.4,0.00146477
0.586,0.424387,6.22091,5610.14,0.43362,0.427404,6.23784,-4913.18,0.00140125
0.588,0.436742,6.13201,5838.55,0.445918,0.439792,6.14904,-5099.25,0.00133856
0.59,0.448915,6.03808,6068.03,0.458028,0.451997,6.05522,-5286.8,0.00127676
0.592,0.460894,5.93925,6298.57,0.46994,0.464009,5.95652,-5476.1,0.00121591
0.594,0.472671,5.83567,6530.04,0.481646,0.47582,5.85308,-5667.45,0.00115605
0.596,0.484236,5.72749,6762.22,0.493136,0.487418,5.74503,-5861.03,0.00109723
0.598,0.495579,5.61483,6994.87,0.5044,0.498797,5.63248,-6056.89,0.00103949
0.6,0.506693,5.49783,7227.81,0.515431,0.509945,5.51557,-6254.89,0.000982889
0.602,0.517568,5.37662,7460.89,0.526219,0.520856,5.39443,-6454.71,0.000927459
0.604,0.528197,5.25134,7693.97,0.536757,0.53152,5.26918,-6655.88,0.000873247
0.606,0.53857,5.12212,7926.83,0.547037,0.54193,5.13997,-6857.81,0.000820294
0.608,0.548681,4.98913,8159.14,0.557051,0.552078,5.00694,-7059.92,0.000768639
0.61,0.558523,4.85253,8390.4,0.566791,0.561955,4.87027,-7261.66,0.000718321
0.612,0.568088,4.7125,8619.89,0.576251,0.571556,4.73012,-7462.51,0.000669376
0.614,0.577369,4.56924,8846.75,0.585424,0.580874,4.58669,-7662,0.00062184
0.616,0.586361,4.42297,9069.99,0.594304,0.589901,4.44018,-7859.65,0.000575745
0.618,0.595057,4.27392,9288.57,0.602885,0.598632,4.29084,-8054.94,0.000531123
0.62,0.603452,4.12235,9501.45,0.611163,0.607062,4.13889,-8247.2,0.000488001
0.622,0.611543,3.96854,9707.66,0.619132,0.615186,3.98463,-8435.68,0.000446406
0.624,0.619323,3.81277,9906.3,0.626788,0.623,3.82832,-8619.47,0.000406362
0.626,0.62679,3.65534,10096.5,0.634129,0.630498,3.67029,-8797.6,0.000367888
0.628,0.633941,3.4966,10277.4,0.641151,0.63768,3.51086,-8969.05,0.000331002
0.63,0.640774,3.33689,10448.1,0.647851,0.644541,3.35039,-9132.86,0.000295718
0.632,0.647286,3.17657,10607.8,0.65423,0.651081,3.18924,-9288.12,0.000262047
0.634,0.653478,3.01603,10755.5,0.660285,0.657298,3.02782,-9434.09,0.000229996
0.636,0.659348,2.85568,10890.1,0.666018,0.663192,2.86651,-9570.09,0.000199566
0.638,0.664899,2.69593,11010.8,0.67143,0.668764,2.70574,-9695.56,0.000170757
0.64,0.670131,2.53719,11116.6,0.676522,0.674016,2.54594,-9810.02,0.000143564
0.642,0.675047,2.37992,11207,0.681297,0.678949,2.38754,-9913,0.000117977
0.644,0.67965,2.22452,11281.5,0.685759,0.683567,2.23099,-10004.1,9.39813e-05
0.646,0.683945,2.07143,11339.7,0.689913,0.687875,2.07671,-10082.8,7.15587e-05
0.648,0.687937,1.92106,11381.6,0.693764,0.691876,1.92515,-10148.8,5.06865e-05
0.65,0.691631,1.77383,11407.4,0.697317,0.695577,1.77672,-10202,3.13373e-05
0.652,0.695034,1.63013,11417.2,0.700582,0.698985,1.63183,-10242.1,1.34796e-05
0.654,0.698153,1.49034,11411.4,0.703564,0.702107,1.49087,-10269.4,-2.92215e-06
0.656,0.700997,1.3548,11390.5,0.706273,0.704952,1.35422,-10284.1,-1.79074e-05
0.658,0.703575,1.22386,11355.1,0.708717,0.707527,1.2222,-10286.7,-3.15195e-05
0.66,0.705895,1.0978,11305.8,0.710908,0.709844,1.09512,-10277.8,-4.38049e-05
0.662,0.707969,0.976907,11243.4,0.712855,0.711911,0.973272,-10258.1,-5.48133e-05
0.664,0.709806,0.861395,11168.9,0.714569,0.713741,0.856878,-10228.5,-6.45973e-05
0.666,0.711418,0.751458,11083.4,0.716062,0.715343,0.746139,-10189.7,-7.32116e-05
0.668,0.712816,0.647246,10988.2,0.717345,0.716729,0.641209,-10142.7,-8.07131e-05
0.67,0.714011,0.548866,10884.7,0.71843,0.717912,0.542202,-10088.2,-8.716e-05
0.672,0.715015,0.456384,10774.1,0.719329,0.718902,0.449187,-10027.2,-9.2612e-05
0.674,0.71584,0.369828,10658,0.720054,0.719713,0.362192,-9960.47,-9.71292e-05
0.676,0.716498,0.289186,10537.7,0.720617,0.720355,0.281207,-9889,-0.000100772
0.678,0.717001,0.214412,10414.3,0.72103,0.720842,0.206181,-9813.74,-0.000103601
0.68,0.71736,0.145425,10289.1,0.721305,0.721184,0.137029,-9735.64,-0.000105676
0.682,0.717586,0.0816142,10168,0.721452,0.721394,0.0736328,-9655.65,-0.000107056
0.684,0.717693,0.0265936,10019.1,0.721484,0.721482,0.0157177,-9574.57,-0.000107798
0.686,0.7177,-0.018385,9796.6,0.721413,0.721461,-0.0360287,-9412.39,-0.000107959
0.688,0.717621,-0.0598318,9537.6,0.721257,0.721344,-0.0787347,-9205.32,-0.000107601
0.69,0.717465,-0.0956102,9295,0.721034,0.721152,-0.111907,-9031.93,-0.000106815
0.692,0.717246,-0.121871,9071.29,0.72076,0.720902,-0.137222,-8878.93,-0.000105694
0.694,0.716982,-0.141468,8867.9,0.720449,0.720608,-0.15547,-8727.31,-0.000104318
0.696,0.716682,-0.157235,8709.46,0.720115,0.720285,-0.16728,-8609.97,-0.000102759
0.698,0.716356,-0.168381,8604.63,0.719767,0.719942,-0.174502,-8541.37,-0.00010108
0.7,0.716012,-0.175404,8541.27,0.719409,0.719589,-0.179042,-8500.79,-9.9327e-05
0.702,0.715655,-0.180755,8513.02,0.719045,0.719227,-0.181993,-8481.29,-9.75283e-05
0.704,0.715289,-0.185415,8517.16,0.718676,0.718861,-0.184323,-8488.53,-9.56996e-05
0.706,0.714914,-0.189236,8541.37,0.718302,0.71849,-0.187035,-8512.57,-9.38469e-05
0.708,0.714532,-0.192874,8571.37,0.717921,0.718112,-0.190594,-8538.25,-9.19669e-05
0.71,0.714143,-0.197019,8599.72,0.717531,0.717727,-0.194961,-8561.6,-9.00511e-05
0.712,0.713744,-0.201417,8620.76,0.717131,0.717332,-0.199993,-8580.62,-8.80914e-05
0.714,0.713337,-0.205677,8628.03,0.71672,0.716927,-0.205419,-8588.59,-8.60813e-05
0.716,0.712922,-0.209741,8618.77,0.716298,0.71651,-0.210744,-8582.25,-8.40169e-05
0.718,0.712498,-0.213371,8594.38,0.715868,0.716084,-0.215432,-8563.88,-8.18992e-05
0.72,0.712069,-0.216098,8557.04,0.71543,0.715649,-0.219069,-8535.44,-7.97346e-05
0.722,0.711635,-0.217648,8509.43,0.714987,0.715209,-0.221323,-8498.26,-7.75336e-05
0.724,0.711199,-0.217939,8455.86,0.714543,0.714765,-0.221944,-8455.97,-7.531e-05
0.726,0.710764,-0.216864,8401.05,0.714102,0.714322,-0.220847,-8413.01,-7.30803e-05
0.728,0.710332,-0.214383,8348.7,0.713666,0.713883,-0.218102,-8372.29,-7.08616e-05
0.73,0.709907,-0.210632,8301.86,0.713238,0.713451,-0.213878,-8336.03,-6.86704e-05
0.732,0.709491,-0.205815,8263.03,0.712821,0.713028,-0.208421,-8306.33,-6.65215e-05
0.734,0.709085,-0.200136,8233.59,0.712417,0.712618,-0.20204,-8284.24,-6.44274e-05
0.736,0.70869,-0.193835,8213.7,0.712027,0.712221,-0.195066,-8269.47,-6.23971e-05
0.738,0.708309,-0.187177,8202.74,0.711652,0.711838,-0.1878,-8261.26,-6.04369e-05
0.74,0.707942,-0.180386,8199.45,0.711291,0.711469,-0.180508,-8258.54,-5.85495e-05
0.742,0.707588,-0.173633,8202,0.710944,0.711115,-0.173399,-8259.77,-5.67353e-05
0.744,0.707247,-0.167053,8208.23,0.71061,0.710775,-0.166615,-8263.28,-5.49924e-05
0.746,0.706919,-0.160733,8216.09,0.71029,0.710449,-0.160225,-8267.66,-5.33177e-05
0.748,0.706604,-0.154702,8223.72,0.709981,0.710134,-0.15424,-8271.76,-5.17073e-05
0.75,0.7063,-0.148946,8229.65,0.709684,0.709831,-0.148624,-8274.62,-5.0157e-05
0.752,0.706008,-0.14343,8232.9,0.709398,0.70954,-0.143304,-8275.66,-4.86632e-05
0.754,0.705727,-0.138097,8233.06,0.709121,0.709258,-0.138186,-8274.63,-4.72229e-05
0.756,0.705456,-0.132882,8230.24,0.708855,0.708987,-0.133175,-8271.57,-4.58341e-05
0.758,0.705195,-0.127723,8224.91,0.708599,0.708725,-0.128187,-8266.7,-4.44957e-05
0.76,0.704945,-0.122574,8217.85,0.708352,0.708474,-0.123153,-8260.47,-4.32075e-05
0.762,0.704705,-0.117399,8209.96,0.708116,0.708233,-0.11803,-8253.43,-4.19698e-05
0.764,0.704475,-0.112184,8202.13,0.707891,0.708002,-0.112804,-8246.19,-4.07836e-05
0.766,0.704256,-0.106931,8195.11,0.707676,0.707782,-0.107483,-8239.36,-3.965e-05
0.768,0.704047,-0.101659,8189.49,0.707471,0.707572,-0.1021,-8233.48,-3.85698e-05
0.77,0.703849,-0.0963993,8185.6,0.707278,0.707373,-0.0967018,-8228.95,-3.75437e-05
0.772,0.703662,-0.0911906,8183.58,0.707095,0.707185,-0.091345,-8226.02,-3.65718e-05
0.774,0.703484,-0.0860768,8183.39,0.706923,0.707008,-0.086089,-8224.76,-3.56538e-05
0.776,0.703317,-0.0811009,8184.83,0.706761,0.706841,-0.0809894,-8225.02,-3.47885e-05
0.778,0.70316,-0.076301,8187.62,0.706609,0.706684,-0.0760933,-8226.54,-3.39745e-05
0.78,0.703012,-0.071708,8191.44,0.706466,0.706536,-0.0714357,-8228.95,-3.32097e-05
0.782,0.702873,-0.0673429,8195.9,0.706332,0.706398,-0.0670376,-8231.81,-3.24916e-05
0.784,0.702742,-0.0632157,8200.67,0.706206,0.706268,-0.0629061,-8234.75,-3.18177e-05
0.786,0.70262,-0.0593261,8205.39,0.706088,0.706146,-0.0590351,-8237.45,-3.11854e-05
0.788,0.702505,-0.0556642,8209.77,0.705977,0.706032,-0.0554086,-8239.7,-3.0592e-05
0.79,0.702397,-0.0522132,8213.58,0.705873,0.705924,-0.0520029,-8241.41,-3.0035e-05
0.792,0.702296,-0.0489522,8216.68,0.705775,0.705824,-0.0487905,-8242.58,-2.95123e-05
0.794,0.702201,-0.0458584,8219,0.705684,0.705729,-0.0457433,-8243.28,-2.90218e-05
0.796,0.702112,-0.0429107,8220.6,0.705598,0.70564,-0.0428357,-8243.63,-2.85621e-05
0.798,0.702029,-0.0400909,8221.61,0.705518,0.705558,-0.0400461,-8243.77,-2.81315e-05
0.8,0.701952,-0.0373855,8222.22,0.705443,0.70548,-0.0373591,-8243.81,-2.7729e-05
0.802,0.70188,-0.0347858,8222.69,0.705374,0.705408,-0.0347653,-8243.84,-2.73535e-05
0.804,0.701813,-0.032288,8223.23,0.705309,0.705341,-0.0322612,-8243.93,-2.70041e-05
0.806,0.701751,-0.0298917,8224.05,0.70525,0.705279,-0.0298485,-8244.15,-2.66798e-05
0.808,0.701693,-0.0275994,8225.25,0.705195,0.705222,-0.0275323,-8244.52,-2.63798e-05
0.81,0.70164,-0.0254149,8226.89,0.705144,0.705169,-0.0253198,-8245.11,-2.6103e-05
0.812,0.701591,-0.023342,8228.93,0.705098,0.70512,-0.0232189,-8245.92,-2.58485e-05
0.814,0.701547,-0.0213843,8231.28,0.705055,0.705076,-0.0212366,-8246.98,-2.56151e-05
0.816,0.701506,-0.0195438,8233.83,0.705016,0.705035,-0.019378,-8248.29,-2.54016e-05
0.818,0.701468,-0.0178214,8236.44,0.704981,0.704998,-0.0176455,-8249.8,-2.52068e-05
0.82,0.701434,-0.0162163,8239.01,0.704949,0.704965,-0.016039,-8251.45,-2.50294e-05
0.822,0.701404,-0.0147259,8241.46,0.70492,0.704934,-0.0145551,-8253.15,-2.48682e-05
0.824,0.701375,-0.0133461,8243.74,0.704893,0.704906,-0.013188,-8254.79,-2.47219e-05
0.826,0.70135,-0.0120715,8245.85,0.70487,0.704881,-0.0119298,-8256.29,-2.45893e-05
0.828,0.701327,-0.010895,8247.78,0.704848,0.704858,-0.0107714,-8257.59,-2.44693e-05
0.83,0.701306,-0.00980903,8249.53,0.704829,0.704838,-0.00970266,-8258.64,-2.4361e-05
0.832,0.701288,-0.00880506,8251.12,0.704811,0.70482,-0.00871374,-8259.45,-2.42635e-05
0.834,0.701271,-0.00787471,8252.55,0.704796,0.704803,-0.00779539,-8260.08,-2.41758e-05
0.836,0.701256,-0.00701008,8253.8,0.704782,0.704788,-0.00693952,-8260.59,-2.40975e-05
0.838,0.701243,-0.00620428,8254.91,0.704769,0.704775,-0.00613954,-8261.04,-2.40277e-05
0.84,0.701231,-0.00545186,8255.87,0.704759,0.704764,-0.00539053,-8261.51,-2.3966e-05
0.842,0.701221,-0.00474889,8256.73,0.704749,0.704754,-0.00468916,-8262.03,-2.39118e-05
0.844,0.701212,-0.00409299,8257.54,0.704741,0.704745,-0.00403351,-8262.62,-2.38647e-05
0.846,0.701205,-0.00348296,8258.34,0.704734,0.704738,-0.00342274,-8263.26,-2.38241e-05
0.848,0.701198,-0.00291835,8259.19,0.704729,0.704731,-0.00285667,-8263.93,-2.37897e-05
0.85,0.701193,-0.00239898,8260.11,0.704724,0.704726,-0.00233536,-8264.61,-2.3761e-05
0.852,0.701189,-0.00192444,8261.11,0.70472,0.704722,-0.00185875,-8265.26,-2.37375e-05
0.854,0.701185,-0.00149382,8262.19,0.704717,0.704719,-0.00142639,-8265.88,-2.37187e-05
0.856,0.701183,-0.0011055,8263.29,0.704715,0.704716,-0.00103719,-8266.47,-2.37044e-05
0.858,0.701181,-0.000757239,8264.37,0.704714,0.704714,-0.000689436,-8267.04,-2.36939e-05
0.86,0.70118,-0.000446318,8265.39,0.704713,0.704713,-0.000380768,-8267.6,-2.3687e-05
0.862,0.701179,-0.000169785,8266.29,0.704713,0.704713,-0.000108342,-8268.16,-2.36832e-05
0.864,0.701179,7.53173e-05,8267.07,0.704713,0.704713,0.000131026,-8268.72,-2.36821e-05
0.866,0.701179,0.000291786,8267.73,0.704714,0.704713,0.000340671,-8269.26,-2.36834e-05
0.868,0.70118,0.00048219,8268.28,0.704715,0.704714,0.000523905,-8269.76,-2.36868e-05
0.87,0.701181,0.000648878,8268.76,0.704716,0.704715,0.000683878,-8270.2,-2.3692e-05
0.872,0.701183,0.000794048,8269.19,0.704718,0.704717,0.000823464,-8270.57,-2.36989e-05
0.874,0.701184,0.000919814,8269.61,0.70472,0.704719,0.000945197,-8270.85,-2.37072e-05
0.876,0.701186,0.00102824,8270.02,0.704722,0.704721,0.00105122,-8271.06,-2.37166e-05
0.878,0.701189,0.00112131,8270.42,0.704724,0.704723,0.0011433,-8271.22,-2.37272e-05
0.88,0.701191,0.00120087,8270.81,0.704727,0.704725,0.00122279,-8271.36,-2.37387e-05
0.882,0.701193,0.00126848,8271.17,0.704729,0.704728,0.00129073,-8271.51,-2.3751e-05
0.884,0.701196,0.00132537,8271.49,0.704732,0.70473,0.00134782,-8271.7,-2.37639e-05
0.886,0.701199,0.00137236,8271.76,0.704735,0.704733,0.00139457,-8271.91,-2.37775e-05
0.888,0.701201,0.0014099,8272.01,0.704737,0.704736,0.00143133,-8272.17,-2.37915e-05
0.89,0.701204,0.00143819,8272.23,0.70474,0.704739,0.00145838,-8272.43,-2.38059e-05
0.892,0.701207,0.00145733,8272.45,0.704743,0.704742,0.00147604,-8272.7,-2.38205e-05
0.894,0.70121,0.00146748,8272.68,0.704746,0.704745,0.00148474,-8272.93,-2.38354e-05
0.896,0.701213,0.00146901,8272.93,0.704749,0.704748,0.00148504,-8273.12,-2.38503e-05
0.898,0.701216,0.00146261,8273.19,0.704752,0.704751,0.00147766,-8273.27,-2.38652e-05
0.9,0.701219,0.00144922,8273.45,0.704755,0.704754,0.00146346,-8273.38,-2.388e-05
0.902,0.701222,0.00142996,8273.7,0.704758,0.704757,0.0014434,-8273.47,-2.38947e-05
0.904,0.701225,0.00140603,8273.9,0.704761,0.704759,0.00141847,-8273.55,-2.39092e-05
0.906,0.701227,0.00137853,8274.06,0.704764,0.704762,0.00138964,-8273.64,-2.39235e-05
0.908,0.70123,0.00134835,8274.16,0.704766,0.704765,0.00135778,-8273.74,-2.39375e-05
0.91,0.701233,0.00131611,8274.22,0.704769,0.704768,0.00132362,-8273.85,-2.39511e-05
0.912,0.701235,0.00128218,8274.25,0.704772,0.70477,0.00128779,-8273.96,-2.39644e-05
0.914,0.701238,0.00124677,8274.27,0.704774,0.704773,0.00125072,-8274.06,-2.39774e-05
0.916,0.70124,0.00120998,8274.3,0.704777,0.704775,0.00121277,-8274.13,-2.39899e-05
0.918,0.701243,0.00117194,8274.34,0.704779,0.704778,0.00117419,-8274.18,-2.40021e-05
0.92,0.701245,0.00113286,8274.41,0.704781,0.70478,0.00113514,-8274.2,-2.40139e-05
0.922,0.701247,0.00109306,8274.48,0.704783,0.704782,0.0010958,-8274.2,-2.40253e-05
0.924,0.701249,0.0010529,8274.56,0.704785,0.704784,0.00105626,-8274.2,-2.40363e-05
0.926,0.701252,0.00101276,8274.63,0.704787,0.704786,0.00101664,-8274.2,-2.40469e-05
0.928,0.701253,0.000972951,8274.69,0.704789,0.704788,0.000977025,-8274.22,-2.40572e-05
0.93,0.701255,0.000933643,8274.71,0.704791,0.70479,0.000937487,-8274.26,-2.4067e-05
0.932,0.701257,0.000894875,8274.72,0.704793,0.704792,0.000898089,-8274.32,-2.40764e-05
0.934,0.701259,0.000856569,8274.71,0.704795,0.704794,0.000858895,-8274.39,-2.40854e-05
0.936,0.701261,0.000818594,8274.7,0.704796,0.704796,0.000819977,-8274.45,-2.40941e-05
0.938,0.701262,0.000780842,8274.69,0.704798,0.704797,0.000781427,-8274.49,-2.41023e-05
0.94,0.701264,0.000743295,8274.7,0.7048,0.704799,0.000743365,-8274.51,-2.41102e-05
0.942,0.701265,0.000706059,8274.72,0.704801,0.7048,0.00070594,-8274.51,-2.41176e-05
0.944,0.701267,0.00066936,8274.75,0.704802,0.704802,0.000669317,-8274.49,-2.41247e-05
0.946,0.701268,0.000633504,8274.78,0.704804,0.704803,0.000633667,-8274.46,-2.41314e-05
0.948,0.701269,0.000598805,8274.8,0.704805,0.704804,0.000599145,-8274.44,-2.41378e-05
0.95,0.70127,0.000565514,8274.8,0.704806,0.704805,0.000565872,-8274.43,-2.41438e-05
0.952,0.701271,0.000533766,8274.78,0.704807,0.704806,0.00053392,-8274.43,-2.41495e-05
0.954,0.701272,0.00050356,8274.75,0.704808,0.704807,0.000503313,-8274.44,-2.41549e-05
0.956,0.701273,0.000474774,8274.71,0.704809,0.704808,0.000474026,-8274.47,-2.416e-05
0.958,0.701274,0.000447215,8274.67,0.70481,0.704809,0.000446003,-8274.49,-2.41647e-05
0.96,0.701275,0.000420682,8274.63,0.704811,0.70481,0.00041917,-8274.5,-2.41692e-05
0.962,0.701276,0.000395024,8274.62,0.704811,0.704811,0.000393456,-8274.5,-2.41734e-05
0.964,0.701277,0.000370178,8274.61,0.704812,0.704812,0.000368805,-8274.48,-2.41774e-05
0.966,0.701278,0.000346178,8274.62,0.704813,0.704813,0.000345178,-8274.46,-2.41811e-05
0.968,0.701278,0.000323128,8274.63,0.704813,0.704813,0.00032256,-8274.43,-2.41845e-05
0.97,0.701279,0.000301158,8274.64,0.704814,0.704814,0.000300946,-8274.41,-2.41878e-05
0.972,0.701279,0.000280374,8274.64,0.704815,0.704814,0.000280333,-8274.39,-2.41908e-05
0.974,0.70128,0.000260816,8274.62,0.704815,0.704815,0.000260716,-8274.39,-2.41936e-05
0.976,0.70128,0.000242443,8274.59,0.704816,0.704815,0.000242075,-8274.4,-2.41963e-05
0.978,0.701281,0.000225141,8274.56,0.704816,0.704816,0.000224382,-8274.41,-2.41987e-05
0.98,0.701281,0.000208757,8274.52,0.704817,0.704816,0.0002076,-8274.42,-2.42009e-05
0.982,0.701282,0.000193139,8274.5,0.704817,0.704817,0.000191692,-8274.43,-2.4203e-05
0.984,0.701282,0.000178181,8274.48,0.704817,0.704817,0.000176629,-8274.43,-2.4205e-05
0.986,0.701282,0.000163845,8274.47,0.704818,0.704817,0.000162388,-8274.41,-2.42067e-05
0.988,0.701283,0.000150162,8274.47,0.704818,0.704818,0.00014896,-8274.39,-2.42084e-05
0.99,0.701283,0.000137216,8274.47,0.704818,0.704818,0.000136341,-8274.36,-2.42099e-05
0.992,0.701283,0.000125103,8274.48,0.704818,0.704818,0.000124525,-8274.34,-2.42112e-05
0.994,0.701284,0.000113896,8274.47,0.704819,0.704819,0.000113501,-8274.32,-2.42125e-05
0.996,0.701284,0.000103613,8274.45,0.704819,0.704819,0.000103242,-8274.31,-2.42136e-05
0.998,0.701284,9.42011e-05,8274.43,0.704819,0.704819,9.37065e-05,-8274.32,-2.42147e-05
1,0.701284,8.5552e-05,8274.4,0.704819,0.704819,8.48421e-05,-8274.33,-0.00203422
1.002,0.701284,7.75225e-05,8274.37,0.704819,0.704819,7.6588e-05,-8274.33,-0.00203422
1.004,0.701282,-0.00501436,8325.2,0.704819,0.704819,6.8885e-05,-8277.56,-0.00203422
1.006,0.701228,-0.0609803,8932.69,0.704814,0.704819,-0.00168776,-8594.67,-0.00203422
1.008,0.700993,-0.181234,10660.5,0.704757,0.704798,-0.0255374,-9968.24,-0.00203419
1.01,0.70049,-0.322396,13271.1,0.704523,0.704673,-0.112693,-12224.5,-0.0020339
1.012,0.699692,-0.480871,15978.7,0.703943,0.704287,-0.286287,-14472.3,-0.00203273
1.014,0.69854,-0.677181,18133.6,0.702866,0.703475,-0.536252,-16179.6,-0.00202982
1.016,0.696963,-0.90255,19352.4,0.701192,0.702108,-0.836147,-17134.6,-0.0020244
1.018,0.694918,-1.14523,19552.3,0.698888,0.700118,-1.15297,-17236.6,-0.00201599
1.02,0.692369,-1.40537,19045.7,0.695982,0.697507,-1.45448,-16758.7,-0.00200441
1.022,0.689295,-1.66723,18280.6,0.692539,0.694323,-1.72331,-16160.7,-0.00198981
1.024,0.685716,-1.90627,17505.8,0.688624,0.690637,-1.95856,-15632.9,-0.00197251
1.026,0.68169,-2.11525,16780.8,0.684299,0.68651,-2.164,-15145.3,-0.00195284
1.028,0.677271,-2.29948,16133.6,0.679617,0.681999,-2.34224,-14702.2,-0.0019311
1.03,0.672506,-2.46135,15586.6,0.674626,0.677157,-2.49649,-14340.7,-0.00190757
1.032,0.66744,-2.60096,15124.3,0.669366,0.672027,-2.6308,-14045.1,-0.00188249
1.034,0.662114,-2.7213,14717.5,0.663871,0.666646,-2.74812,-13779.6,-0.00185606
1.036,0.656564,-2.82619,14354.7,0.658172,0.661045,-2.85015,-13538.3,-0.00182845
1.038,0.650817,-2.91731,14032.5,0.652296,0.655254,-2.93847,-13326.4,-0.00179981
1.04,0.644902,-2.99552,13742.7,0.646268,0.649299,-3.01472,-13136.5,-0.00177029
1.042,0.638841,-3.0623,13476.8,0.640108,0.643203,-3.08011,-12959.3,-0.00173999
1.044,0.632657,-3.11911,13232.2,0.633838,0.636986,-3.13552,-12794.5,-0.00170904
1.046,0.626369,-3.16677,13007.6,0.627475,0.630667,-3.18185,-12642.9,-0.00167754
1.048,0.619994,-3.20592,12800,0.621036,0.624264,-3.21995,-12502,-0.00164556
1.05,0.613549,-3.23738,12606.8,0.614536,0.617792,-3.25052,-12369.2,-0.00161321
1.052,0.607048,-3.26188,12426.7,0.607988,0.611267,-3.27416,-12244.4,-0.00158054
1.054,0.600505,-3.27997,12258.7,0.601405,0.6047,-3.29145,-12127.4,-0.00154764
1.056,0.593931,-3.29213,12101.4,0.5948,0.598105,-3.30293,-12017,-0.00151456
1.058,0.587338,-3.29887,11953.4,0.588182,0.591492,-3.30908,-11912.2,-0.00148137
1.06,0.580737,-3.30065,11814,0.581562,0.584872,-3.3103,-11812.8,-0.00144812
1.062,0.574138,-3.29784,11682.5,0.574949,0.578254,-3.30699,-11718.1,-0.00141485
1.064,0.567548,-3.29081,11558,0.56835,0.571647,-3.29952,-11627.6,-0.00138162
1.066,0.560976,-3.27989,11440,0.561774,0.565059,-3.2882,-11540.6,-0.00134846
1.068,0.55443,-3.26539,11327.7,0.555228,0.558497,-3.27333,-11457,-0.00131541
1.07,0.547916,-3.24756,11220.7,0.548717,0.551968,-3.25518,-11376.3,-0.00128252
1.072,0.541441,-3.22666,11118.3,0.54225,0.545478,-3.23399,-11298.2,-0.00124981
1.074,0.535011,-3.20292,11020.1,0.53583,0.539034,-3.20999,-11222.4,-0.0012173
1.076,0.52863,-3.17654,10925.6,0.529463,0.53264,-3.18338,-11148.8,-0.00118505
1.078,0.522306,-3.14772,10834.4,0.523155,0.526302,-3.15434,-11077.2,-0.00115305
1.08,0.516041,-3.11661,10746.2,0.516909,0.520024,-3.12305,-11007.2,-0.00112135
1.082,0.50984,-3.0834,10660.6,0.51073,0.513811,-3.08967,-10938.8,-0.00108997
1.084,0.503708,-3.04821,10577.5,0.504621,0.507667,-3.05433,-10871.8,-0.00105892
1.086,0.497649,-3.01119,10496.7,0.498587,0.501595,-3.01718,-10805.9,-0.00102822
1.088,0.491665,-2.97247,10418.1,0.492631,0.495599,-2.97833,-10741,-0.000997901
1.09,0.48576,-2.93215,10341.4,0.486755,0.489683,-2.9379,-10677,-0.000967969
1.092,0.479937,-2.89036,10266.5,0.480963,0.483848,-2.896,-10613.9,-0.000938444
1.094,0.474199,-2.84718,10193.3,0.475258,0.4781,-2.85272,-10551.5,-0.00090934
1.096,0.468549,-2.80272,10121.7,0.469642,0.472438,-2.80816,-10490,-0.000880671
1.098,0.46299,-2.75707,10051.5,0.464117,0.466868,-2.76242,-10429.3,-0.000852449
1.1,0.457522,-2.71031,9982.71,0.458686,0.46139,-2.71556,-10369.4,-0.000824687
1.102,0.452149,-2.66251,9915.26,0.453351,0.456006,-2.66768,-10310.3,-0.000797396
1.104,0.446873,-2.61377,9849.17,0.448113,0.450719,-2.61886,-10251.9,-0.000770587
1.106,0.441695,-2.56416,9784.46,0.442975,0.445531,-2.56916,-10194.4,-0.000744268
1.108,0.436618,-2.51376,9721.17,0.437937,0.440443,-2.51867,-10137.6,-0.000718448
1.11,0.431641,-2.46263,9659.35,0.433003,0.435457,-2.46745,-10081.6,-0.000693136
1.112,0.426768,-2.41086,9599.03,0.428172,0.430574,-2.41557,-10026.5,-0.000668338
1.114,0.421999,-2.3585,9540.24,0.423445,0.425795,-2.36312,-9972.19,-0.000644062
1.116,0.417335,-2.30563,9483.01,0.418825,0.421122,-2.31014,-9918.84,-0.000620313
1.118,0.412777,-2.25232,9427.37,0.414312,0.416555,-2.25672,-9866.53,-0.000597096
1.12,0.408326,-2.19864,9373.35,0.409906,0.412095,-2.20293,-9815.33,-0.000574416
1.122,0.403983,-2.14465,9320.98,0.405608,0.407744,-2.14882,-9765.32,-0.000552277
1.124,0.399749,-2.09042,9270.35,0.401419,0.4035,-2.09447,-9716.56,-0.000530681
1.126,0.395622,-2.03603,9221.5,0.397339,0.399366,-2.03994,-9669.1,-0.000509632
1.128,0.391605,-1.98153,9174.54,0.393369,0.39534,-1.98531,-9622.99,-0.000489131
1.13,0.387697,-1.92699,9129.54,0.389508,0.391425,-1.93064,-9578.24,-0.000469178
1.132,0.383898,-1.87249,9086.57,0.385756,0.387618,-1.876,-9534.92,-0.000449775
1.134,0.380207,-1.81809,9045.69,0.382113,0.38392,-1.82145,-9493.06,-0.000430922
1.136,0.376626,-1.76385,9006.94,0.378579,0.380332,-1.76706,-9452.73,-0.000412616
1.138,0.373152,-1.70985,8970.35,0.375153,0.376852,-1.7129,-9413.99,-0.000394857
1.14,0.369787,-1.65613,8935.93,0.371835,0.37348,-1.65902,-9376.9,-0.000377642
1.142,0.366528,-1.60278,8903.69,0.368624,0.370216,-1.60551,-9341.51,-0.000360969
1.144,0.363376,-1.54984,8873.64,0.365519,0.367058,-1.55241,-9307.86,-0.000344833
1.146,0.360329,-1.49738,8845.8,0.362519,0.364006,-1.49979,-9275.99,-0.000329231
1.148,0.357386,-1.44546,8820.17,0.359624,0.361058,-1.4477,-9245.9,-0.000314158
1.15,0.354547,-1.39414,8796.77,0.356831,0.358215,-1.39622,-9217.58,-0.000299609
1.152,0.35181,-1.34347,8775.61,0.35414,0.355473,-1.34538,-9191.02,-0.000285576
1.154,0.349173,-1.2935,8756.67,0.35155,0.352833,-1.29525,-9166.21,-0.000272055
1.156,0.346636,-1.24429,8739.94,0.349058,0.350292,-1.24588,-9143.13,-0.000259037
1.158,0.344196,-1.19588,8725.38,0.346663,0.347849,-1.19731,-9121.78,-0.000246516
1.16,0.341852,-1.14833,8712.92,0.344364,0.345502,-1.1496,-9102.13,-0.000234483
1.162,0.339602,-1.10166,8702.49,0.342158,0.343249,-1.10278,-9084.18,-0.000222929
1.164,0.337445,-1.05592,8694.04,0.340044,0.34109,-1.0569,-9067.9,-0.000211845
1.166,0.335378,-1.01116,8687.47,0.33802,0.339021,-1.01198,-9053.28,-0.000201223
1.168,0.3334,-0.967389,8682.72,0.336084,0.337041,-0.968078,-9040.25,-0.000191052
1.17,0.331508,-0.924651,8679.71,0.334234,0.335148,-0.925207,-9028.76,-0.000181322
1.172,0.329701,-0.882971,8678.38,0.332467,0.33334,-0.8834,-9018.76,-0.000172024
1.174,0.327976,-0.842371,8678.66,0.330781,0.331614,-0.842679,-9010.15,-0.000163145
1.176,0.326331,-0.802873,8680.47,0.329175,0.329968,-0.803065,-9002.89,-0.000154675
1.178,0.324763,-0.764491,8683.72,0.327646,0.328401,-0.764574,-8996.88,-0.000146604
1.18,0.323272,-0.727241,8688.32,0.326191,0.326909,-0.72722,-8992.09,-0.00013892
1.182,0.321854,-0.69113,8694.15,0.324809,0.325491,-0.691014,-8988.44,-0.00013161
1.184,0.320507,-0.656167,8701.12,0.323497,0.324144,-0.65596,-8985.88,-0.000124665
1.186,0.319229,-0.622354,8709.12,0.322253,0.322867,-0.622064,-8984.35,-0.000118072
1.188,0.318017,-0.589691,8718.05,0.321074,0.321655,-0.589325,-8983.79,-0.00011182
1.19,0.316869,-0.558177,8727.82,0.319958,0.320508,-0.557741,-8984.13,-0.000105897
1.192,0.315783,-0.527806,8738.33,0.318904,0.319424,-0.527308,-8985.3,-0.000100291
1.194,0.314757,-0.498571,8749.53,0.317908,0.318398,-0.498016,-8987.23,-9.4991e-05
1.196,0.313788,-0.470461,8761.32,0.316968,0.317431,-0.469856,-8989.83,-8.99854e-05
1.198,0.312875,-0.443465,8773.64,0.316082,0.316518,-0.442816,-8993.04,-8.52628e-05
1.2,0.312014,-0.417568,8786.41,0.315248,0.315659,-0.41688,-8996.79,-8.0812e-05
1.202,0.311204,-0.392754,8799.55,0.314464,0.31485,-0.392031,-9001.02,-7.66218e-05
1.204,0.310442,-0.369002,8812.99,0.313727,0.31409,-0.368251,-9005.7,-7.26814e-05
1.206,0.309727,-0.346295,8826.64,0.313036,0.313376,-0.345519,-9010.76,-6.898e-05
1.208,0.309056,-0.324608,8840.45,0.312389,0.312707,-0.323814,-9016.17,-6.5507e-05
1.21,0.308428,-0.303921,8854.33,0.311782,0.31208,-0.303111,-9021.88,-6.22522e-05
1.212,0.30784,-0.284207,8868.25,0.311215,0.311494,-0.283387,-9027.85,-5.92055e-05
1.214,0.30729,-0.265443,8882.14,0.310686,0.310946,-0.264617,-9034.03,-5.6357e-05
1.216,0.306777,-0.247602,8895.97,0.310192,0.310435,-0.246773,-9040.38,-5.36972e-05
1.218,0.306299,-0.230659,8909.71,0.309733,0.309958,-0.22983,-9046.84,-5.12167e-05
1.22,0.305854,-0.214585,8923.32,0.309305,0.309515,-0.213759,-9053.38,-4.89065e-05
1.222,0.30544,-0.199353,8936.76,0.308908,0.309103,-0.198533,-9059.96,-4.67578e-05
1.224,0.305056,-0.184935,8950.01,0.30854,0.30872,-0.184123,-9066.56,-4.47622e-05
1.226,0.3047,-0.171303,8963.04,0.308198,0.308366,-0.170501,-9073.14,-4.29114e-05
1.228,0.304371,-0.158429,8975.8,0.307883,0.308038,-0.157639,-9079.7,-4.11975e-05
1.23,0.304066,-0.146283,8988.27,0.307592,0.307735,-0.145507,-9086.22,-3.96128e-05
1.232,0.303785,-0.134838,9000.43,0.307324,0.307455,-0.134077,-9092.67,-3.81502e-05
1.234,0.303526,-0.124065,9012.26,0.307077,0.307198,-0.123322,-9099.05,-3.68024e-05
1.236,0.303288,-0.113937,9023.75,0.306851,0.306961,-0.113212,-9105.34,-3.55627e-05
1.238,0.30307,-0.104427,9034.89,0.306643,0.306745,-0.103721,-9111.51,-3.44246e-05
1.24,0.30287,-0.0955073,9045.69,0.306453,0.306546,-0.0948221,-9117.55,-3.33819e-05
1.242,0.302688,-0.0871521,9056.14,0.30628,0.306365,-0.0864878,-9123.43,-3.24287e-05
1.244,0.302521,-0.0793353,9066.23,0.306123,0.3062,-0.0786922,-9129.16,-3.15593e-05
1.246,0.30237,-0.0720316,9075.97,0.30598,0.30605,-0.0714098,-9134.72,-3.07682e-05
1.248,0.302233,-0.065216,9085.35,0.305851,0.305914,-0.0646158,-9140.12,-3.00503e-05
1.25,0.302109,-0.0588643,9094.36,0.305734,0.305791,-0.0582857,-9145.34,-2.94007e-05
1.252,0.301997,-0.0529528,9103,0.305629,0.30568,-0.0523961,-9150.4,-2.88147e-05
1.254,0.301897,-0.0474588,9111.27,0.305536,0.305581,-0.046924,-9155.29,-2.82879e-05
1.256,0.301807,-0.0423601,9119.18,0.305452,0.305492,-0.0418472,-9160.02,-2.78161e-05
1.258,0.301727,-0.0376354,9126.73,0.305377,0.305414,-0.0371443,-9164.57,-2.73954e-05
1.26,0.301656,-0.0332642,9133.94,0.305312,0.305344,-0.0327947,-9168.95,-2.70219e-05
1.262,0.301594,-0.0292266,9140.8,0.305254,0.305282,-0.0287784,-9173.15,-2.66922e-05
1.264,0.301539,-0.0255038,9147.35,0.305204,0.305228,-0.0250763,-9177.17,-2.64028e-05
1.266,0.301491,-0.0220772,9153.58,0.305161,0.305182,-0.02167,-9181,-2.61507e-05
1.268,0.30145,-0.0189293,9159.5,0.305124,0.305141,-0.0185417,-9184.66,-2.59327e-05
1.27,0.301416,-0.0160431,9165.12,0.305092,0.305107,-0.0156746,-9188.15,-2.57463e-05
1.272,0.301386,-0.0134024,9170.45,0.305066,0.305079,-0.0130524,-9191.48,-2.55886e-05
1.274,0.301362,-0.0109916,9175.48,0.305045,0.305055,-0.0106596,-9194.65,-2.54573e-05
1.276,0.301342,-0.00879576,9180.23,0.305028,0.305036,-0.00848133,-9197.66,-2.53501e-05
1.278,0.301326,-0.00680095,9184.71,0.305015,0.305021,-0.00650362,-9200.53,-2.52648e-05
1.28,0.301315,-0.00499375,9188.93,0.305005,0.30501,-0.00471302,-9203.26,-2.51993e-05
1.282,0.301306,-0.00336148,9192.9,0.304999,0.305002,-0.0030968,-9205.85,-2.51519e-05
1.284,0.301301,-0.00189213,9196.64,0.304996,0.304997,-0.00164288,-9208.3,-2.51207e-05
1.286,0.301299,-0.000574283,9200.15,0.304995,0.304995,-0.000339789,-9210.6,-2.51041e-05
1.288,0.301299,0.000602897,9203.45,0.304997,0.304996,0.000823329,-9212.77,-2.51006e-05
1.29,0.301301,0.0016497,9206.55,0.305,0.304998,0.00185675,-9214.82,-2.51088e-05
1.292,0.301305,0.00257589,9209.45,0.305006,0.305003,0.00277021,-9216.74,-2.51274e-05
1.294,0.301311,0.0033907,9212.16,0.305013,0.305009,0.00357287,-9218.54,-2.51552e-05
1.296,0.301319,0.00410285,9214.7,0.305022,0.305017,0.0042734,-9220.24,-2.51911e-05
1.298,0.301328,0.00472053,9217.05,0.305031,0.305026,0.00487993,-9221.83,-2.5234e-05
1.3,0.301338,0.00525141,9219.24,0.305042,0.305037,0.00540012,-9223.33,-2.5283e-05
1.302,0.301349,0.00570268,9221.27,0.305054,0.305048,0.00584116,-9224.74,-2.53372e-05
1.304,0.30136,0.00608104,9223.15,0.305066,0.30506,0.00620976,-9226.06,-2.53959e-05
1.306,0.301373,0.00639275,9224.9,0.305079,0.305073,0.00651223,-9227.29,-2.54583e-05
1.308,0.301386,0.00664369,9226.52,0.305093,0.305086,0.00675447,-9228.44,-2.55237e-05
1.31,0.301399,0.00683937,9228.02,0.305107,0.3051,0.00694198,-9229.5,-2.55915e-05
1.312,0.301413,0.00698496,9229.41,0.305121,0.305114,0.00707993,-9230.48,-2.56613e-05
1.314,0.301427,0.0070853,9230.69,0.305135,0.305128,0.00717312,-9231.39,-2.57324e-05
1.316,0.301441,0.00714493,9231.87,0.30515,0.305142,0.00722603,-9232.23,-2.58045e-05
1.318,0.301456,0.00716806,9232.95,0.305164,0.305157,0.00724281,-9233.01,-2.58771e-05
1.32,0.30147,0.00715861,9233.93,0.305179,0.305171,0.00722733,-9233.73,-2.59499e-05
1.322,0.301484,0.00712018,9234.83,0.305193,0.305186,0.00718317,-9234.41,-2.60225e-05
1.324,0.301499,0.00705606,9235.64,0.305207,0.3052,0.00711363,-9235.03,-2.60947e-05
1.326,0.301513,0.0069693,9236.38,0.305221,0.305214,0.00702175,-9235.6,-2.61662e-05
1.328,0.301526,0.00686267,9237.05,0.305235,0.305228,0.00691034,-9236.13,-2.62367e-05
1.33,0.30154,0.00673875,9237.66,0.305249,0.305242,0.00678199,-9236.61,-2.63062e-05
1.332,0.301553,0.00659992,9238.21,0.305262,0.305255,0.00663907,-9237.04,-2.63743e-05
1.334,0.301566,0.00644836,9238.71,0.305275,0.305268,0.00648376,-9237.44,-2.6441e-05
1.336,0.301579,0.00628612,9239.16,0.305287,0.305281,0.00631807,-9237.79,-2.65062e-05
1.338,0.301592,0.00611508,9239.56,0.3053,0.305294,0.00614383,-9238.11,-2.65697e-05
1.34,0.301604,0.00593694,9239.91,0.305312,0.305306,0.00596272,-9238.4,-2.66314e-05
1.342,0.301615,0.00575326,9240.22,0.305323,0.305318,0.00577624,-9238.67,-2.66913e-05
1.344,0.301627,0.00556543,9240.49,0.305334,0.305329,0.00558577,-9238.91,-2.67494e-05
1.346,0.301638,0.00537469,9240.72,0.305345,0.30534,0.00539255,-9239.13,-2.68055e-05
1.348,0.301648,0.00518214,9240.92,0.305356,0.30535,0.00519768,-9239.33,-2.68597e-05
1.35,0.301658,0.00498875,9241.09,0.305366,0.305361,0.00500216,-9239.5,-2.6912e-05
1.352,0.301668,0.0047954,9241.23,0.305375,0.30537,0.00480688,-9239.65,-2.69622e-05
1.354,0.301678,0.00460289,9241.35,0.305384,0.30538,0.00461263,-9239.78,-2.70105e-05
1.356,0.301687,0.00441191,9241.45,0.305393,0.305389,0.00442011,-9239.89,-2.70569e-05
1.358,0.301695,0.00422313,9241.54,0.305402,0.305398,0.00422995,-9239.99,-2.71013e-05
1.36,0.301703,0.00403713,9241.6,0.30541,0.305406,0.0040427,-9240.07,-2.71438e-05
1.362,0.301711,0.0038544,9241.65,0.305418,0.305414,0.00385883,-9240.14,-2.71845e-05
1.364,0.301719,0.0036754,9241.67,0.305425,0.305421,0.00367876,-9240.19,-2.72232e-05
1.366,0.301726,0.00350047,9241.69,0.305432,0.305428,0.00350284,-9240.24,-2.72602e-05
1.368,0.301733,0.00332991,9241.69,0.305439,0.305435,0.00333135,-9240.28,-2.72954e-05
1.37,0.301739,0.00316396,9241.67,0.305445,0.305442,0.00316454,-9240.32,-2.73289e-05
1.372,0.301746,0.00300277,9241.65,0.305451,0.305448,0.00300258,-9240.34,-2.73607e-05
1.374,0.301751,0.0028465,9241.62,0.305457,0.305454,0.00284564,-9240.36,-2.73909e-05
1.376,0.301757,0.00269524,9241.58,0.305462,0.305459,0.00269382,-9240.36,-2.74195e-05
1.378,0.301762,0.00254909,9241.54,0.305467,0.305465,0.0025472,-9240.36,-2.74466e-05
1.38,0.301767,0.00240812,9241.5,0.305472,0.30547,0.00240585,-9240.36,-2.74722e-05
1.382,0.301772,0.00227236,9241.45,0.305476,0.305474,0.00226977,-9240.34,-2.74963e-05
1.384,0.301776,0.00214186,9241.4,0.305481,0.305479,0.00213899,-9240.33,-2.75192e-05
1.386,0.30178,0.0020166,9241.34,0.305485,0.305483,0.00201347,-9240.31,-2.75407e-05
1.388,0.301784,0.00189654,9241.28,0.305489,0.305487,0.00189317,-9240.29,-2.75609e-05
1.39,0.301788,0.00178164,9241.21,0.305492,0.30549,0.00177804,-9240.27,-2.75799e-05
1.392,0.301791,0.0016718,9241.14,0.305495,0.305494,0.00166799,-9240.25,-2.75978e-05
1.394,0.301795,0.00156691,9241.07,0.305499,0.305497,0.00156294,-9240.22,-2.76146e-05
1.396,0.301798,0.00146686,9241,0.305501,0.3055,0.00146277,-9240.2,-2.76303e-05
1.398,0.3018,0.00137154,9240.93,0.305504,0.305503,0.00136737,-9240.17,-2.7645e-05
1.4,0.301803,0.00128082,9240.86,0.305507,0.305506,0.00127663,-9240.13,-2.76587e-05
1.402,0.301806,0.0011946,9240.8,0.305509,0.305508,0.00119043,-9240.1,-2.76716e-05
1.404,0.301808,0.00111275,9240.73,0.305511,0.30551,0.00110863,-9240.06,-2.76835e-05
1.406,0.30181,0.00103518,9240.66,0.305513,0.305512,0.0010311,-9240.03,-2.76947e-05
1.408,0.301812,0.000961739,9240.6,0.305515,0.305514,0.000957712,-9240,-2.7705e-05
1.41,0.301814,0.00089231,9240.53,0.305517,0.305516,0.000888322,-9239.96,-2.77147e-05
1.412,0.301816,0.000826745,9240.47,0.305519,0.305518,0.000822788,-9239.93,-2.77236e-05
1.414,0.301817,0.000764891,9240.4,0.30552,0.30552,0.000760966,-9239.9,-2.77319e-05
1.416,0.301819,0.00070659,9240.34,0.305522,0.305521,0.000702708,-9239.87,-2.77395e-05
1.418,0.30182,0.000651689,9240.28,0.305523,0.305522,0.00064787,-9239.84,-2.77466e-05
1.42,0.301821,0.000600039,9240.22,0.305524,0.305524,0.000596308,-9239.81,-2.77531e-05
1.422,0.301822,0.0005515,9240.16,0.305525,0.305525,0.000547882,-9239.78,-2.77591e-05
1.424,0.301824,0.000505943,9240.11,0.305526,0.305526,0.000502456,-9239.74,-2.77646e-05
1.426,0.301824,0.000463244,9240.06,0.305527,0.305527,0.000459896,-9239.71,-2.77696e-05
1.428,0.301825,0.000423285,9240.01,0.305528,0.305528,0.000420072,-9239.68,-2.77743e-05
1.43,0.301826,0.000385947,9239.96,0.305529,0.305528,0.000382857,-9239.65,-2.77785e-05
1.432,0.301827,0.000351107,9239.91,0.30553,0.305529,0.000348124,-9239.63,-2.77823e-05
1.434,0.301828,0.00031864,9239.86,0.30553,0.30553,0.000315749,-9239.6,-2.77858e-05
1.436,0.301828,0.000288418,9239.82,0.305531,0.30553,0.000285611,-9239.58,-2.7789e-05
1.438,0.301829,0.000260314,9239.78,0.305531,0.305531,0.000257591,-9239.55,-2.77919e-05
1.44,0.301829,0.000234205,9239.73,0.305532,0.305531,0.000231575,-9239.53,-2.77945e-05
1.442,0.30183,0.000209976,9239.7,0.305532,0.305532,0.000207453,-9239.51,-2.77968e-05
1.444,0.30183,0.000187521,9239.66,0.305532,0.305532,0.000185118,-9239.49,-2.77989e-05
1.446,0.30183,0.000166746,9239.63,0.305533,0.305533,0.000164471,-9239.46,-2.78007e-05
1.448,0.301831,0.000147561,9239.6,0.305533,0.305533,0.000145417,-9239.44,-2.78024e-05
1.45,0.301831,0.000129885,9239.57,0.305533,0.305533,0.000127863,-9239.42,-2.78039e-05
1.452,0.301831,0.000113635,9239.54,0.305534,0.305533,0.000111723,-9239.4,-2.78051e-05
1.454,0.301831,9.87288e-05,9239.51,0.305534,0.305534,9.6911e-05,-9239.38,-2.78063e-05
1.456,0.301832,8.5083e-05,9239.48,0.305534,0.305534,8.33446e-05,-9239.37,-2.78072e-05
1.458,0.301832,7.26127e-05,9239.45,0.305534,0.305534,7.09445e-05,-9239.35,-2.78081e-05
1.46,0.301832,6.12347e-05,9239.43,0.305534,0.305534,5.96343e-05,-9239.34,-2.78088e-05
1.462,0.301832,5.08698e-05,9239.4,0.305534,0.305534,4.93412e-05,-9239.33,-2.78094e-05
1.464,0.301832,4.14451e-05,9239.38,0.305534,0.305534,3.99961e-05,-9239.31,-2.78099e-05
1.466,0.301832,3.28957e-05,9239.36,0.305534,0.305534,3.15347e-05,-9239.3,-2.78103e-05
1.468,0.301832,2.51641e-05,9239.35,0.305534,0.305534,2.38964e-05,-9239.29,-2.78106e-05
1.47,0.301832,1.81993e-05,9239.33,0.305535,0.305535,1.70245e-05,-9239.27,-2.78108e-05
1.472,0.301832,1.1954e-05,9239.31,0.305535,0.305535,1.08658e-05,-9239.26,-2.7811e-05
1.474,0.301832,6.38229e-06,9239.3,0.305535,0.305535,5.36968e-06,-9239.25,-2.78111e-05
1.476,0.301832,1.43778e-06,9239.28,0.305535,0.305535,4.8764e-07,-9239.24,-2.78112e-05
1.478,0.301832,-2.92723e-06,9239.27,0.305535,0.305535,-3.82677e-06,-9239.23,-2.78112e-05
1.48,0.301832,-6.76122e-06,9239.26,0.305535,0.305535,-7.61808e-06,-9239.23,-2.78111e-05
1.482,0.301832,-1.01119e-05,9239.24,0.305535,0.305535,-1.09287e-05,-9239.22,-2.78111e-05
1.484,0.301832,-1.30242e-05,9239.23,0.305534,0.305535,-1.37985e-05,-9239.21,-2.7811e-05
1.486,0.301832,-1.55386e-05,9239.22,0.305534,0.305534,-1.62647e-05,-9239.2,-2.78108e-05
1.488,0.301832,-1.76897e-05,9239.21,0.305534,0.305534,-1.83616e-05,-9239.2,-2.78107e-05
1.49,0.301832,-1.95069e-05,9239.2,0.305534,0.305534,-2.01205e-05,-9239.19,-2.78105e-05
1.492,0.301832,-2.10149e-05,9239.2,0.305534,0.305534,-2.15705e-05,-9239.18,-2.78103e-05
1.494,0.301832,-2.22359e-05,9239.19,0.305534,0.305534,-2.27381e-05,-9239.18,-2.78101e-05
1.496,0.301832,-2.31914e-05,9239.18,0.305534,0.305534,-2.36486e-05,-9239.17,-2.78098e-05
1.498,0.301832,-2.39037e-05,9239.18,0.305534,0.305534,-2.43257e-05,-9239.17,-2.78096e-05
1.5,0.301832,-2.43964e-05,9239.17,0.305534,0.305534,-2.47923e-05,-9239.16,0.00122844
1.502,0.301832,-2.46942e-05,9239.16,0.305534,0.305534,-2.507e-05,-9239.16,0.00122844
1.504,0.301833,0.00308246,9208.08,0.305534,0.305534,-2.51795e-05,-9237.19,0.00122844
1.506,0.301869,0.0425263,8784.35,0.305537,0.305535,0.00104508,-9039.41,0.00122844
1.508,0.30205,0.146973,7369.69,0.305577,0.305548,0.0173201,-7967.61,0.00122842
1.51,0.302477,0.282247,4986.31,0.305756,0.30564,0.0856681,-5933.06,0.00122823
1.512,0.303196,0.444018,2196.86,0.306234,0.305947,0.234992,-3634.64,0.00122733
1.514,0.304292,0.661343,-523.517,0.307175,0.306637,0.467214,-1490.37,0.00122492
1.516,0.305877,0.929243,-2825.35,0.308724,0.307866,0.771781,357.02,0.00122019
1.518,0.308026,1.22293,-4338.87,0.310989,0.309762,1.13124,1588.62,0.00121241
1.52,0.310782,1.53538,-4888.86,0.314021,0.312408,1.51644,1997.33,0.00120103
1.522,0.314177,1.86024,-4616.83,0.317809,0.315823,1.89523,1753.41,0.00118579
1.524,0.318217,2.17624,-3782.13,0.322295,0.319969,2.24505,1120.57,0.00116676
1.526,0.322864,2.46485,-2609.07,0.327397,0.324775,2.55337,251.449,0.00114422
1.528,0.328055,2.7198,-1299.78,0.33302,0.33015,2.8138,-717.541,0.00111858
1.53,0.333719,2.93798,-25.6518,0.339068,0.335997,3.02576,-1641.68,0.00109032
1.532,0.339781,3.11681,1118.58,0.345451,0.342222,3.19371,-2450.93,0.00105994
1.534,0.346163,3.25862,2102.28,0.352096,0.348745,3.32394,-3140.74,0.00102786
1.536,0.352796,3.36901,2918.94,0.358939,0.355496,3.42253,-3710.73,0.000994466
1.538,0.359623,3.45258,3579.21,0.365928,0.362418,3.49541,-4164.85,0.000960082
1.54,0.366593,3.51309,4112.96,0.373022,0.369464,3.54788,-4529.11,0.000924962
1.542,0.373664,3.55475,4554.34,0.380189,0.376598,3.58394,-4833.74,0.000889314
1.544,0.380803,3.58111,4930.45,0.3874,0.383791,3.60639,-5097.23,0.000853301
1.546,0.387982,3.59437,5263.89,0.394634,0.391016,3.61723,-5333.98,0.000817063
1.548,0.395175,3.59607,5574.14,0.401869,0.398252,3.61783,-5558.97,0.000780714
1.55,0.402361,3.58756,5874.19,0.409086,0.405481,3.60895,-5781.45,0.00074436
1.552,0.409521,3.5697,6170.69,0.416267,0.412682,3.59102,-6004.36,0.000708094
1.554,0.416635,3.54291,6467.21,0.423395,0.419839,3.56436,-6229.33,0.000672008
1.556,0.423688,3.50756,6765.1,0.430453,0.426934,3.5292,-6457.5,0.000636191
1.558,0.430661,3.46407,7063.27,0.437423,0.43395,3.48577,-6687.83,0.000600726
1.56,0.43754,3.41273,7359.32,0.444291,0.440871,3.4343,-6918.21,0.000565698
1.562,0.444308,3.35387,7650.79,0.451041,0.447682,3.37515,-7147.04,0.000531187
1.564,0.450952,3.28789,7935.29,0.457658,0.454367,3.30871,-7372.82,0.00049727
1.566,0.457456,3.21524,8210.46,0.464128,0.460912,3.23543,-7593.71,0.000464021
1.568,0.463809,3.13638,8474.41,0.470439,0.467304,3.15581,-7808.03,0.000431507
1.57,0.469998,3.05183,8725.89,0.476579,0.473531,3.07039,-8014.6,0.000399794
1.572,0.476013,2.96211,8964.01,0.482538,0.479582,2.97974,-8212.41,0.000368939
1.574,0.481844,2.86779,9188.13,0.488307,0.485447,2.88442,-8400.55,0.000338995
1.576,0.487482,2.76941,9397.92,0.493876,0.491117,2.78503,-8578.48,0.000310009
1.578,0.492919,2.66753,9593.21,0.49924,0.496585,2.68212,-8745.95,0.000282021
1.58,0.49815,2.5627,9773.87,0.504393,0.501843,2.57626,-8902.91,0.000255067
1.582,0.503169,2.45546,9939.82,0.509329,0.506888,2.46799,-9049.37,0.000229177
1.584,0.507971,2.34632,10091.1,0.514044,0.511714,2.35784,-9185.49,0.000204374
1.586,0.512553,2.2358,10227.6,0.518537,0.516318,2.2463,-9311.43,0.000180679
1.588,0.516913,2.12437,10349.7,0.522804,0.520699,2.13386,-9427.25,0.000158104
1.59,0.52105,2.0125,10457.4,0.526846,0.524853,2.02099,-9532.97,0.000136659
1.592,0.524963,1.90063,10551.2,0.530663,0.528783,1.90812,-9628.54,0.000116348
1.594,0.528653,1.78917,10631.2,0.534254,0.532486,1.79568,-9713.87,9.71708e-05
1.596,0.53212,1.67854,10697.9,0.537622,0.535966,1.68407,-9788.88,7.91238e-05
1.598,0.535368,1.56912,10751.6,0.54077,0.539223,1.57369,-9853.58,6.21983e-05
1.6,0.538398,1.46126,10792.5,0.5437,0.542262,1.4649,-9908.03,4.6382e-05
1.602,0.541214,1.35533,10820.8,0.546416,0.545084,1.35805,-9952.44,3.16589e-05
1.604,0.54382,1.25164,10836.8,0.548923,0.547695,1.25347,-9987.08,1.80095e-05
1.606,0.546222,1.15051,10840.9,0.551226,0.5501,1.15147,-10012.3,5.41095e-06
1.608,0.548424,1.05221,10833.4,0.553331,0.552303,1.05234,-10028.5,-6.16267e-06
1.61,0.550433,0.957004,10814.8,0.555244,0.554311,0.956337,-10036.1,-1.67402e-05
1.612,0.552255,0.865124,10785.9,0.556972,0.556131,0.863703,-10035.6,-2.6353e-05
1.614,0.553896,0.776769,10747.3,0.558522,0.557769,0.774645,-10027.2,-3.50349e-05
1.616,0.555364,0.692115,10700,0.559901,0.559232,0.689342,-10011.5,-4.28218e-05
1.618,0.556667,0.611305,10644.9,0.561117,0.560529,0.607945,-9989,-4.97516e-05
1.62,0.557812,0.534457,10582.9,0.562179,0.561667,0.530574,-9960.22,-5.58633e-05
1.622,0.558807,0.461658,10515,0.563094,0.562654,0.457319,-9925.8,-6.11975e-05
1.624,0.559661,0.392968,10441.9,0.56387,0.563499,0.388241,-9886.47,-6.57955e-05
1.626,0.560382,0.328421,10364.6,0.564518,0.56421,0.32337,-9842.96,-6.96993e-05
1.628,0.560978,0.268021,10283.9,0.565043,0.564795,0.26271,-9796.03,-7.29511e-05
1.63,0.561457,0.211749,10200.5,0.565456,0.565263,0.206236,-9746.38,-7.55933e-05
1.632,0.561828,0.15956,10115.1,0.565765,0.565623,0.153901,-9694.68,-7.7668e-05
1.634,0.562098,0.111386,10028.6,0.565976,0.565882,0.105632,-9641.47,-7.92166e-05
1.636,0.562275,0.0664727,9948.44,0.566099,0.566048,0.0613282,-9593.98,-8.02801e-05
1.638,0.56237,0.0294212,9833.59,0.566141,0.56613,0.0206214,-9529.83,-8.0898e-05
1.64,0.562396,-0.00245327,9669.67,0.566111,0.566134,-0.0152956,-9403.08,-8.11075e-05
1.642,0.562361,-0.0323007,9495.47,0.566022,0.566073,-0.0445973,-9266.88,-8.09569e-05
1.644,0.562271,-0.0568545,9335.23,0.565887,0.56596,-0.0676872,-9156.2,-8.05116e-05
1.646,0.562138,-0.0748446,9182.57,0.565717,0.565806,-0.0856021,-9047.52,-7.98337e-05
1.648,0.561974,-0.0890543,9044.62,0.56552,0.565621,-0.0985309,-8941.17,-7.89758e-05
1.65,0.561784,-0.100432,8939.07,0.565306,0.565415,-0.107046,-8864.13,-7.79877e-05
1.652,0.561575,-0.108178,8866.38,0.565081,0.565195,-0.112528,-8816.88,-7.69133e-05
1.654,0.561353,-0.113266,8818.61,0.564849,0.564966,-0.116087,-8784.99,-7.57833e-05
1.656,0.561122,-0.117352,8795.19,0.564613,0.564731,-0.118374,-8769.89,-7.46173e-05
1.658,0.560884,-0.120718,8794.47,0.564372,0.564493,-0.120145,-8774.63,-7.34279e-05
1.66,0.56064,-0.123377,8807.38,0.564128,0.564251,-0.122114,-8789.45,-7.22204e-05
1.662,0.560391,-0.126007,8825.78,0.563879,0.564004,-0.124567,-8805.59,-7.09928e-05
1.664,0.560136,-0.128999,8845.69,0.563624,0.563752,-0.127529,-8822.04,-6.97407e-05
1.666,0.559875,-0.132106,8862.47,0.563362,0.563494,-0.130989,-8836.22,-6.84587e-05
1.668,0.559607,-0.135172,8870.93,0.563092,0.563228,-0.13479,-8842.87,-6.71421e-05
1.67,0.559334,-0.13821,8868.93,0.562815,0.562954,-0.138604,-8840.54,-6.57874e-05
1.672,0.559055,-0.140999,8856.72,0.562531,0.562674,-0.142092,-8830.77,-6.43946e-05
1.674,0.55877,-0.143205,8834.76,0.562241,0.562386,-0.144975,-8814.03,-6.29669e-05
1.676,0.558482,-0.144667,8804.43,0.561947,0.562094,-0.146996,-8790.9,-6.15104e-05
1.678,0.558192,-0.145304,8768.63,0.561651,0.561799,-0.14795,-8763.8,-6.00336e-05
1.68,0.557902,-0.145001,8730.56,0.561356,0.561503,-0.147745,-8735.34,-5.85473e-05
1.682,0.557613,-0.143713,8692.94,0.561063,0.561209,-0.146388,-8707.14,-5.7063e-05
1.684,0.557328,-0.141522,8658.27,0.560775,0.560918,-0.143954,-8680.78,-5.55923e-05
1.686,0.557047,-0.138541,8628.69,0.560494,0.560634,-0.140581,-8657.98,-5.41459e-05
1.688,0.556774,-0.13489,8605.45,0.560221,0.560357,-0.136467,-8639.72,-5.27334e-05
1.69,0.556508,-0.130733,8588.91,0.559958,0.560088,-0.13183,-8626.27,-5.13621e-05
1.692,0.556251,-0.126251,8578.86,0.559704,0.55983,-0.126885,-8617.65,-5.00374e-05
1.694,0.556003,-0.121604,8574.57,0.55946,0.559581,-0.12183,-8613.54,-4.87623e-05
1.696,0.555765,-0.116924,8574.85,0.559227,0.559342,-0.116836,-8613.16,-4.75379e-05
1.698,0.555536,-0.112328,8578.32,0.559003,0.559113,-0.11203,-8615.43,-4.63636e-05
1.7,0.555315,-0.1079,8583.63,0.558787,0.558894,-0.107493,-8619.29,-4.52376e-05
1.702,0.555104,-0.103682,8589.55,0.558581,0.558683,-0.10326,-8623.67,-4.41572e-05
1.704,0.5549,-0.0996891,8595.03,0.558382,0.558481,-0.0993307,-8627.59,-4.31193e-05
1.706,0.554705,-0.0959108,8599.28,0.558191,0.558286,-0.0956694,-8630.31,-4.21208e-05
1.708,0.554517,-0.0923162,8601.82,0.558006,0.558098,-0.0922197,-8631.39,-4.11592e-05
1.71,0.554336,-0.088859,8602.43,0.557829,0.557917,-0.0889145,-8630.69,-4.02323e-05
1.712,0.554161,-0.0854899,8601.09,0.557657,0.557742,-0.0856851,-8628.32,-3.93387e-05
1.714,0.553994,-0.0821626,8598.04,0.557492,0.557574,-0.0824694,-8624.6,-3.84775e-05
1.716,0.553833,-0.0788374,8593.67,0.557334,0.557412,-0.0792189,-8620.02,-3.76488e-05
1.718,0.553678,-0.0754867,8588.47,0.557182,0.557257,-0.0759031,-8615.06,-3.68526e-05
1.72,0.553531,-0.0720979,8583.02,0.557037,0.557109,-0.0725097,-8610.2,-3.60899e-05
1.722,0.55339,-0.0686731,8577.87,0.556899,0.556967,-0.0690447,-8605.82,-3.53612e-05
1.724,0.553256,-0.0652266,8573.54,0.556768,0.556833,-0.0655297,-8602.21,-3.46674e-05
1.726,0.553129,-0.0617823,8570.41,0.556644,0.556705,-0.0619978,-8599.51,-3.40088e-05
1.728,0.553009,-0.0583709,8568.71,0.556527,0.556585,-0.0584886,-8597.77,-3.33857e-05
1.73,0.552895,-0.0550246,8568.51,0.556417,0.556471,-0.0550438,-8596.99,-3.27978e-05
1.732,0.552789,-0.0517739,8569.69,0.556313,0.556364,-0.0517029,-8597.06,-3.22446e-05
1.734,0.552688,-0.0486453,8572.01,0.556216,0.556264,-0.0484993,-8597.88,-3.17249e-05
1.736,0.552594,-0.0456588,8575.14,0.556125,0.55617,-0.0454581,-8599.28,-3.12374e-05
1.738,0.552505,-0.0428273,8578.69,0.55604,0.556082,-0.042595,-8601.11,-3.07804e-05
1.74,0.552423,-0.0401567,8582.33,0.55596,0.556,-0.0399157,-8603.19,-3.03523e-05
1.742,0.552345,-0.0376464,8585.77,0.555886,0.555922,-0.037417,-8605.31,-2.99511e-05
1.744,0.552272,-0.0352902,8588.8,0.555815,0.55585,-0.0350883,-8607.31,-2.9575e-05
1.746,0.552204,-0.033078,8591.34,0.55575,0.555782,-0.0329138,-8609.02,-2.92223e-05
1.748,0.552139,-0.0309969,8593.35,0.555688,0.555718,-0.0308743,-8610.34,-2.88914e-05
1.75,0.552079,-0.0290326,8594.89,0.55563,0.555658,-0.0289499,-8611.19,-2.85811e-05
1.752,0.552023,-0.0271705,8596.04,0.555576,0.555602,-0.0271213,-8611.59,-2.82901e-05
1.754,0.551971,-0.025397,8596.88,0.555525,0.55555,-0.0253721,-8611.62,-2.80174e-05
1.756,0.551922,-0.0237001,8597.5,0.555477,0.555501,-0.0236892,-8611.4,-2.77624e-05
1.758,0.551876,-0.0220708,8598,0.555433,0.555455,-0.0220639,-8611.07,-2.75243e-05
1.76,0.551833,-0.0205029,8598.45,0.555392,0.555412,-0.0204914,-8610.79,-2.73025e-05
1.762,0.551794,-0.0189935,8598.91,0.555354,0.555373,-0.0189713,-8610.68,-2.70966e-05
1.764,0.551757,-0.0175428,8599.46,0.555319,0.555337,-0.0175059,-8610.81,-2.69059e-05
1.766,0.551724,-0.0161533,8600.16,0.555287,0.555303,-0.0161001,-8611.2,-2.673e-05
1.768,0.551693,-0.014829,8601.07,0.555258,0.555272,-0.0147596,-8611.84,-2.65681e-05
1.77,0.551664,-0.0135745,8602.22,0.555231,0.555244,-0.0134904,-8612.67,-2.64198e-05
1.772,0.551638,-0.012394,8603.62,0.555206,0.555218,-0.0122976,-8613.62,-2.62841e-05
1.774,0.551615,-0.0112902,8605.23,0.555184,0.555195,-0.0111846,-8614.62,-2.61605e-05
1.776,0.551593,-0.010264,8607,0.555163,0.555173,-0.0101529,-8615.62,-2.60481e-05
1.778,0.551573,-0.00931443,8608.82,0.555145,0.555154,-0.00920172,-8616.59,-2.5946e-05
1.78,0.551556,-0.00843836,8610.61,0.555128,0.555136,-0.00832817,-8617.51,-2.58534e-05
1.782,0.55154,-0.00763142,8612.26,0.555113,0.555121,-0.00752762,-8618.38,-2.57697e-05
1.784,0.551525,-0.00688823,8613.71,0.5551,0.555106,-0.00679415,-8619.22,-2.5694e-05
1.786,0.551512,-0.00620311,8614.93,0.555087,0.555093,-0.00612111,-8620,-2.56257e-05
1.788,0.5515,-0.00557049,8615.92,0.555076,0.555082,-0.00550166,-8620.72,-2.55642e-05
1.79,0.55149,-0.00498523,8616.72,0.555067,0.555071,-0.00492924,-8621.35,-2.55089e-05
1.792,0.55148,-0.00444279,8617.37,0.555058,0.555062,-0.00439795,-8621.88,-2.54593e-05
1.794,0.551472,-0.00393921,8617.95,0.55505,0.555054,-0.0039028,-8622.3,-2.54151e-05
1.796,0.551465,-0.00347108,8618.51,0.555043,0.555046,-0.00343981,-8622.62,-2.53759e-05
1.798,0.551458,-0.00303547,8619.07,0.555037,0.55504,-0.00300606,-8622.85,-2.53413e-05
1.8,0.551452,-0.00262987,8619.65,0.555032,0.555034,-0.00259958,-8623.03,-2.53111e-05
1.802,0.551448,-0.00225225,8620.24,0.555027,0.55503,-0.00221926,-8623.22,-2.52849e-05
1.804,0.551443,-0.00190104,8620.84,0.555024,0.555025,-0.0018646,-8623.44,-2.52626e-05
1.806,0.55144,-0.00157523,8621.43,0.555021,0.555022,-0.00153556,-8623.74,-2.52439e-05
1.808,0.551437,-0.00127426,8621.99,0.555018,0.555019,-0.00123232,-8624.12,-2.52284e-05
1.81,0.551435,-0.000997978,8622.54,0.555016,0.555017,-0.000955078,-8624.57,-2.5216e-05
1.812,0.551433,-0.000746404,8623.07,0.555015,0.555015,-0.000703849,-8625.05,-2.52064e-05
1.814,0.551432,-0.000519505,8623.61,0.555014,0.555014,-0.000478336,-8625.55,-2.51993e-05
1.816,0.551431,-0.000316948,8624.16,0.555013,0.555014,-0.00027782,-8626.01,-2.51945e-05
1.818,0.55143,-0.000137919,8624.73,0.555013,0.555013,-0.000101128,-8626.41,-2.51917e-05
1.82,0.55143,1.89601e-05,8625.3,0.555013,0.555013,5.3346e-05,-8626.75,-2.51907e-05
1.822,0.551431,0.000155585,8625.85,0.555014,0.555013,0.000187556,-8627.02,-2.51912e-05
1.824,0.551431,0.000274208,8626.37,0.555014,0.555014,0.000303678,-8627.24,-2.51931e-05
1.826,0.551432,0.000377211,8626.81,0.555015,0.555015,0.000403965,-8627.44,-2.51961e-05
1.828,0.551432,0.000466855,8627.18,0.555016,0.555015,0.000490595,-8627.63,-2.52002e-05
1.83,0.551434,0.00054508,8627.45,0.555017,0.555016,0.000565548,-8627.83,-2.52051e-05
1.832,0.551435,0.000613389,8627.65,0.555018,0.555018,0.000630517,-8628.03,-2.52108e-05
1.834,0.551436,0.000672837,8627.8,0.55502,0.555019,0.000686864,-8628.23,-2.52171e-05
1.836,0.551437,0.000724116,8627.92,0.555021,0.55502,0.000735625,-8628.42,-2.5224e-05
1.838,0.551439,0.00076769,8628.05,0.555023,0.555022,0.000777542,-8628.57,-2.52314e-05
1.84,0.55144,0.000803947,8628.2,0.555024,0.555024,0.000813131,-8628.69,-2.52392e-05
1.842,0.551442,0.000833316,8628.38,0.555026,0.555025,0.000842742,-8628.78,-2.52474e-05
1.844,0.551444,0.000856317,8628.58,0.555028,0.555027,0.000866625,-8628.84,-2.52558e-05
1.846,0.551445,0.000873548,8628.8,0.55503,0.555029,0.000884984,-8628.9,-2.52645e-05
1.848,0.551447,0.000885623,8629.01,0.555031,0.55503,0.000898008,-8628.96,-2.52734e-05
1.85,0.551449,0.000893086,8629.19,0.555033,0.555032,0.000905897,-8629.06,-2.52825e-05
1.852,0.551451,0.000896349,8629.34,0.555035,0.555034,0.00090888,-8629.18,-2.52916e-05
1.854,0.551453,0.000895662,8629.45,0.555037,0.555036,0.000907219,-8629.32,-2.53007e-05
1.856,0.551454,0.000891152,8629.55,0.555039,0.555038,0.000901228,-8629.47,-2.53098e-05
1.858,0.551456,0.000882891,8629.63,0.55504,0.555039,0.000891272,-8629.62,-2.53189e-05
1.86,0.551458,0.000870997,8629.71,0.555042,0.555041,0.000877778,-8629.74,-2.53278e-05
1.862,0.55146,0.000855716,8629.8,0.555044,0.555043,0.000861229,-8629.82,-2.53367e-05
1.864,0.551461,0.000837468,8629.9,0.555046,0.555045,0.000842153,-8629.87,-2.53453e-05
1.866,0.551463,0.000816837,8630.01,0.555047,0.555046,0.000821097,-8629.89,-2.53538e-05
1.868,0.551465,0.000794511,8630.11,0.555049,0.555048,0.000798595,-8629.89,-2.5362e-05
1.87,0.551466,0.000771179,8630.19,0.55505,0.55505,0.000775138,-8629.89,-2.537e-05
1.872,0.551468,0.000747433,8630.24,0.555052,0.555051,0.000751136,-8629.9,-2.53778e-05
1.874,0.551469,0.000723681,8630.27,0.555053,0.555053,0.000726899,-8629.93,-2.53854e-05
1.876,0.551471,0.000700114,8630.26,0.555055,0.555054,0.000702633,-8629.98,-2.53927e-05
1.878,0.551472,0.000676729,8630.25,0.555056,0.555055,0.000678445,-8630.03,-2.53998e-05
1.88,0.551473,0.000653385,8630.23,0.555057,0.555057,0.000654365,-8630.09,-2.54066e-05
1.882,0.551475,0.000629901,8630.22,0.555059,0.555058,0.00063038,-8630.13,-2.54131e-05
1.884,0.551476,0.000606143,8630.23,0.55506,0.555059,0.000606459,-8630.16,-2.54195e-05
1.886,0.551477,0.000582083,8630.25,0.555061,0.55506,0.000582585,-8630.16,-2.54256e-05
1.888,0.551478,0.000557824,8630.3,0.555062,0.555062,0.000558765,-8630.15,-2.54314e-05
1.89,0.551479,0.000533572,8630.35,0.555063,0.555063,0.000535038,-8630.14,-2.5437e-05
1.892,0.55148,0.000509581,8630.39,0.555064,0.555064,0.000511468,-8630.12,-2.54424e-05
1.894,0.551481,0.000486084,8630.42,0.555065,0.555065,0.000488131,-8630.12,-2.54476e-05
1.896,0.551482,0.000463238,8630.43,0.555066,0.555066,0.000465107,-8630.14,-2.54525e-05
1.898,0.551483,0.000441088,8630.42,0.555067,0.555067,0.000442464,-8630.17,-2.54571e-05
1.9,0.551484,0.000419579,8630.4,0.555068,0.555067,0.000420262,-8630.21,-2.54616e-05
1.902,0.551485,0.000398594,8630.37,0.555069,0.555068,0.000398549,-8630.24,-2.54658e-05
1.904,0.551486,0.000378009,8630.35,0.555069,0.555069,0.000377369,-8630.26,-2.54698e-05
1.906,0.551486,0.00035775,8630.34,0.55507,0.55507,0.000356769,-8630.27,-2.54736e-05
1.908,0.551487,0.000337828,8630.34,0.555071,0.55507,0.000336803,-8630.26,-2.54772e-05
1.91,0.551488,0.000318347,8630.36,0.555071,0.555071,0.000317529,-8630.24,-2.54806e-05
1.912,0.551488,0.000299479,8630.37,0.555072,0.555072,0.000299006,-8630.21,-2.54838e-05
1.914,0.551489,0.000281411,8630.39,0.555073,0.555072,0.000281282,-8630.19,-2.54868e-05
1.916,0.551489,0.0002643,8630.39,0.555073,0.555073,0.000264386,-8630.17,-2.54896e-05
1.918,0.55149,0.000248219,8630.38,0.555074,0.555073,0.000248321,-8630.17,-2.54923e-05
1.92,0.55149,0.000233145,8630.35,0.555074,0.555074,0.000233063,-8630.17,-2.54948e-05
1.922,0.551491,0.000218961,8630.32,0.555074,0.555074,0.000218561,-8630.19,-2.54971e-05
1.924,0.551491,0.000205494,8630.29,0.555075,0.555075,0.00020475,-8630.21,-2.54993e-05
1.926,0.551492,0.000192565,8630.27,0.555075,0.555075,0.000191565,-8630.22,-2.55014e-05
1.928,0.551492,0.000180037,8630.25,0.555076,0.555075,0.000178948,-8630.22,-2.55033e-05
1.93,0.551492,0.000167847,8630.25,0.555076,0.555076,0.00016686,-8630.22,-2.55051e-05
1.932,0.551493,0.000156014,8630.26,0.555076,0.555076,0.000155285,-8630.2,-2.55068e-05
1.934,0.551493,0.000144625,8630.27,0.555077,0.555076,0.000144224,-8630.17,-2.55083e-05
1.936,0.551493,0.0001338,8630.28,0.555077,0.555077,0.000133691,-8630.15,-2.55098e-05
1.938,0.551494,0.000123643,8630.28,0.555077,0.555077,0.0001237,-8630.14,-2.55111e-05
1.94,0.551494,0.000114212,8630.28,0.555077,0.555077,0.00011426,-8630.14,-2.55124e-05
1.942,0.551494,0.000105496,8630.26,0.555078,0.555077,0.000105367,-8630.14,-2.55135e-05
1.944,0.551494,9.74185e-05,8630.23,0.555078,0.555078,9.70022e-05,-8630.15,-2.55146e-05
1.946,0.551494,8.98621e-05,8630.21,0.555078,0.555078,8.91381e-05,-8630.17,-2.55155e-05
1.948,0.551495,8.27004e-05,8630.19,0.555078,0.555078,8.17418e-05,-8630.17,-2.55164e-05
1.95,0.551495,7.58352e-05,8630.17,0.555078,0.555078,7.4783e-05,-8630.17,-2.55173e-05
1.952,0.551495,6.92208e-05,8630.17,0.555078,0.555078,6.8239e-05,-8630.16,-2.5518e-05
1.954,0.551495,6.28708e-05,8630.17,0.555078,0.555078,6.20963e-05,-8630.15,-2.55187e-05
1.956,0.551495,5.68458e-05,8630.18,0.555079,0.555079,5.63495e-05,-8630.13,-2.55193e-05
1.958,0.551495,5.12273e-05,8630.18,0.555079,0.555079,5.09963e-05,-8630.11,-2.55199e-05
1.96,0.551495,4.60854e-05,8630.19,0.555079,0.555079,4.60324e-05,-8630.1,-2.55204e-05
1.962,0.551495,4.14519e-05,8630.18,0.555079,0.555079,4.14459e-05,-8630.09,-2.55209e-05
1.964,0.551495,3.73059e-05,8630.17,0.555079,0.555079,3.7215e-05,-8630.1,-2.55213e-05
1.966,0.551496,3.3577e-05,8630.15,0.555079,0.555079,3.33091e-05,-8630.11,-2.55217e-05
1.968,0.551496,3.0163e-05,8630.13,0.555079,0.555079,2.96919e-05,-8630.12,-2.5522e-05
1.97,0.551496,2.69576e-05,8630.11,0.555079,0.555079,2.63274e-05,-8630.12,-2.55223e-05
1.972,0.551496,2.38781e-05,8630.1,0.555079,0.555079,2.31856e-05,-8630.12,-2.55226e-05
1.974,0.551496,2.08847e-05,8630.1,0.555079,0.555079,2.02462e-05,-8630.12,-2.55228e-05
1.976,0.551496,1.79863e-05,8630.11,0.555079,0.555079,1.75005e-05,-8630.11,-2.5523e-05
1.978,0.551496,1.52315e-05,8630.11,0.555079,0.555079,1.49488e-05,-8630.09,-2.55232e-05
1.98,0.551496,1.26876e-05,8630.12,0.555079,0.555079,1.25969e-05,-8630.08,-2.55233e-05
1.982,0.551496,1.04158e-05,8630.12,0.555079,0.555079,1.04501e-05,-8630.07,-2.55234e-05
1.984,0.551496,8.44915e-06,8630.12,0.555079,0.555079,8.50887e-06,-8630.07,-2.55235e-05
1.986,0.551496,6.78034e-06,8630.11,0.555079,0.555079,6.76569e-06,-8630.07,-2.55236e-05
1.988,0.551496,5.36313e-06,8630.1,0.555079,0.555079,5.20483e-06,-8630.08,-2.55237e-05
1.99,0.551496,4.12524e-06,8630.08,0.555079,0.555079,3.80474e-06,-8630.08,-2.55238e-05
1.992,0.551496,2.98905e-06,8630.07,0.555079,0.555079,2.54206e-06,-8630.09,-2.55238e-05
1.994,0.551496,1.8928e-06,8630.07,0.555079,0.555079,1.39599e-06,-8630.09,-2.55238e-05
1.996,0.551496,8.06098e-07,8630.07,0.555079,0.555079,3.51693e-07,-8630.09,-2.55238e-05
1.998,0.551496,-2.65018e-07,8630.07,0.555079,0.555079,-5.98282e-07,-8630.08,-2.55238e-05
